station,basin,onset,end,duration_h,peak_level_m,river_driven,local_only,reached_major
C1-Headwater,Basin-C,2022-01-01 17:00:00,2022-01-02 07:00:00,15,3.3349615363130303,True,False,False
C2-Upper,Basin-C,2022-01-01 17:00:00,2022-01-02 00:00:00,8,6.004889597474321,True,False,False
C3-Middle,Basin-C,2022-01-01 17:00:00,2022-01-01 23:00:00,7,3.8846537886891053,False,True,False
C4-Lower,Basin-C,2022-01-01 17:00:00,2022-01-01 23:00:00,7,1.7005588310099542,False,True,False
C2-Upper,Basin-C,2022-01-02 04:00:00,2022-01-02 12:00:00,9,6.35660950256108,True,False,False
C3-Middle,Basin-C,2022-01-02 06:00:00,2022-01-02 06:00:00,1,4.511665982189792,True,False,False
C3-Middle,Basin-C,2022-01-02 10:00:00,2022-01-02 11:00:00,2,4.525060574594188,True,False,False
C3-Middle,Basin-C,2022-01-02 14:00:00,2022-01-02 14:00:00,1,4.505876515562877,True,False,False
C3-Middle,Basin-C,2022-01-02 22:00:00,2022-01-03 00:00:00,3,4.587004876831978,True,False,False
C2-Upper,Basin-C,2022-01-02 22:00:00,2022-01-02 22:00:00,1,6.063155103480814,True,False,False
C4-Lower,Basin-C,2022-01-03 00:00:00,2022-01-03 00:00:00,1,2.433295439496724,True,False,False
A4-Lower,Basin-A,2022-01-08 12:00:00,2022-01-08 15:00:00,4,0.7893881282982862,False,True,False
C3-Middle,Basin-C,2022-01-11 01:00:00,2022-01-11 05:00:00,5,3.2085892128578974,False,True,False
C1-Headwater,Basin-C,2022-01-11 02:00:00,2022-01-11 08:00:00,7,3.043129188191477,True,False,False
C4-Lower,Basin-C,2022-01-11 02:00:00,2022-01-11 07:00:00,6,1.7036305608727749,False,True,False
C2-Upper,Basin-C,2022-01-11 02:00:00,2022-01-11 05:00:00,4,4.723082641666058,False,True,False
C2-Upper,Basin-C,2022-01-14 13:00:00,2022-01-14 17:00:00,5,6.114775491088759,True,False,False
C3-Middle,Basin-C,2022-01-14 13:00:00,2022-01-14 16:00:00,4,3.9008186446293505,False,True,False
C4-Lower,Basin-C,2022-01-14 13:00:00,2022-01-14 17:00:00,5,2.032965743989538,False,True,False
C1-Headwater,Basin-C,2022-01-14 13:00:00,2022-01-14 17:00:00,5,3.15285124086099,True,False,False
C1-Headwater,Basin-C,2022-01-27 10:00:00,2022-01-27 15:00:00,6,3.1308288588087128,True,False,False
C2-Upper,Basin-C,2022-01-27 15:00:00,2022-01-27 15:00:00,1,6.0386646807344135,True,False,False
C2-Upper,Basin-C,2022-01-27 17:00:00,2022-01-27 17:00:00,1,6.020609973915391,True,False,False
C4-Lower,Basin-C,2022-02-01 11:00:00,2022-02-01 14:00:00,4,1.3331643688187873,False,True,False
C1-Headwater,Basin-C,2022-02-01 15:00:00,2022-02-01 17:00:00,3,3.059913756391125,True,False,False
C2-Upper,Basin-C,2022-02-17 16:00:00,2022-02-17 19:00:00,4,5.113862742409727,False,True,False
C4-Lower,Basin-C,2022-02-17 16:00:00,2022-02-17 20:00:00,5,1.633422061667839,False,True,False
C3-Middle,Basin-C,2022-02-17 16:00:00,2022-02-17 19:00:00,4,3.191017786112757,False,True,False
C1-Headwater,Basin-C,2022-02-17 17:00:00,2022-02-17 19:00:00,3,2.813888703378419,False,True,False
A4-Lower,Basin-A,2022-04-04 14:00:00,2022-04-04 16:00:00,3,0.7434513116045864,False,True,False
A3-Middle,Basin-A,2022-04-21 19:00:00,2022-04-21 21:00:00,3,3.6522481590355502,False,True,False
A4-Lower,Basin-A,2022-04-21 19:00:00,2022-04-21 22:00:00,4,0.7400861747289345,False,True,False
A3-Middle,Basin-A,2022-04-23 08:00:00,2022-04-23 11:00:00,4,3.974983055967636,False,True,False
A4-Lower,Basin-A,2022-04-23 08:00:00,2022-04-23 12:00:00,5,0.8495248097957646,False,True,False
A1-Headwater,Basin-A,2022-04-23 08:00:00,2022-04-23 11:00:00,4,2.03336518446841,False,True,False
A4-Lower,Basin-A,2022-04-24 00:00:00,2022-04-24 03:00:00,4,0.9038844237255801,False,True,False
A3-Middle,Basin-A,2022-04-24 09:00:00,2022-04-24 12:00:00,4,5.211729209476153,False,True,False
A4-Lower,Basin-A,2022-04-24 09:00:00,2022-04-24 13:00:00,5,1.0706306681258393,False,True,False
A2-Upper,Basin-A,2022-04-24 10:00:00,2022-04-24 12:00:00,3,12.327478069668437,False,True,False
B4-Lower,Basin-B,2022-04-25 15:00:00,2022-04-25 18:00:00,4,1.1436841029107887,False,True,False
B4-Lower,Basin-B,2022-05-07 22:00:00,2022-05-08 03:00:00,6,1.1083719434268722,False,True,False
B4-Lower,Basin-B,2022-05-10 14:00:00,2022-05-10 16:00:00,3,1.3952638729308648,False,True,False
A4-Lower,Basin-A,2022-05-11 06:00:00,2022-05-11 09:00:00,4,0.8422253124078156,False,True,False
A4-Lower,Basin-A,2022-05-12 19:00:00,2022-05-12 22:00:00,4,1.0324359078241532,False,True,False
B4-Lower,Basin-B,2022-05-14 06:00:00,2022-05-14 09:00:00,4,1.4180718157928367,False,True,False
B4-Lower,Basin-B,2022-05-16 09:00:00,2022-05-16 12:00:00,4,1.7286507035507974,False,True,False
A4-Lower,Basin-A,2022-05-17 05:00:00,2022-05-17 07:00:00,3,1.0794043634892934,False,True,False
A4-Lower,Basin-A,2022-05-19 19:00:00,2022-05-19 23:00:00,5,0.9486342104675554,False,True,False
A3-Middle,Basin-A,2022-05-19 19:00:00,2022-05-19 23:00:00,5,4.894682645755608,False,True,False
A1-Headwater,Basin-A,2022-05-19 19:00:00,2022-05-19 22:00:00,4,3.3446644152797336,False,True,False
A2-Upper,Basin-A,2022-05-19 19:00:00,2022-05-19 22:00:00,4,11.036612181315425,False,True,False
B4-Lower,Basin-B,2022-05-20 14:00:00,2022-05-20 18:00:00,5,1.412919456163892,False,True,False
B2-Upper,Basin-B,2022-05-20 14:00:00,2022-05-20 17:00:00,4,5.677856216739288,False,True,False
A4-Lower,Basin-A,2022-05-24 04:00:00,2022-05-24 07:00:00,4,0.9706633260266394,False,True,False
B4-Lower,Basin-B,2022-05-26 14:00:00,2022-05-26 19:00:00,6,1.4113749971196672,False,True,False
A4-Lower,Basin-A,2022-05-28 03:00:00,2022-05-28 06:00:00,4,1.009217222166907,False,True,False
B4-Lower,Basin-B,2022-05-28 05:00:00,2022-05-28 09:00:00,5,1.9400263573111698,False,True,False
B1-Headwater,Basin-B,2022-05-28 09:00:00,2022-05-28 09:00:00,1,3.5028342434428485,True,False,False
B3-Middle,Basin-B,2022-05-28 15:00:00,2022-05-28 19:00:00,5,9.796890197620835,False,True,False
B1-Headwater,Basin-B,2022-05-28 15:00:00,2022-05-29 03:00:00,13,4.202381854310071,True,False,False
B4-Lower,Basin-B,2022-05-28 15:00:00,2022-05-28 19:00:00,5,2.2875468671930714,False,True,False
B2-Upper,Basin-B,2022-05-28 15:00:00,2022-05-29 10:00:00,20,10.279318039376243,True,False,False
B3-Middle,Basin-B,2022-05-28 21:00:00,2022-05-29 11:00:00,15,11.047322618581989,True,False,False
B4-Lower,Basin-B,2022-05-29 01:00:00,2022-05-29 01:00:00,1,2.602816333738583,True,False,False
B4-Lower,Basin-B,2022-05-29 04:00:00,2022-05-29 04:00:00,1,2.613294616067262,True,False,False
B4-Lower,Basin-B,2022-05-29 06:00:00,2022-05-29 06:00:00,1,2.6655890444071755,True,False,False
B4-Lower,Basin-B,2022-05-29 09:00:00,2022-05-29 11:00:00,3,2.6811832714308914,True,False,False
B4-Lower,Basin-B,2022-05-29 14:00:00,2022-05-29 16:00:00,3,2.614113343887718,True,False,False
B4-Lower,Basin-B,2022-05-30 13:00:00,2022-05-30 16:00:00,4,2.379581436490613,False,True,False
A4-Lower,Basin-A,2022-05-31 08:00:00,2022-05-31 13:00:00,6,0.980596142498998,False,True,False
A4-Lower,Basin-A,2022-05-31 22:00:00,2022-06-01 02:00:00,5,1.1826389752154862,False,True,False
A1-Headwater,Basin-A,2022-05-31 23:00:00,2022-06-01 01:00:00,3,3.7889567275204135,False,True,False
A3-Middle,Basin-A,2022-05-31 23:00:00,2022-06-01 01:00:00,3,6.225230015618318,False,True,False
A1-Headwater,Basin-A,2022-06-01 13:00:00,2022-06-01 13:00:00,1,4.040512983776008,True,False,False
A4-Lower,Basin-A,2022-06-01 13:00:00,2022-06-01 17:00:00,5,1.44782304973664,False,True,False
A2-Upper,Basin-A,2022-06-01 17:00:00,2022-06-01 18:00:00,2,16.034520300431105,True,False,False
A4-Lower,Basin-A,2022-06-01 20:00:00,2022-06-01 20:00:00,1,1.52014559216124,True,False,False
A4-Lower,Basin-A,2022-06-01 23:00:00,2022-06-01 23:00:00,1,1.5298849886717147,True,False,False
A4-Lower,Basin-A,2022-06-02 14:00:00,2022-06-02 20:00:00,7,1.4702621087183285,False,True,False
A3-Middle,Basin-A,2022-06-02 16:00:00,2022-06-02 19:00:00,4,7.28161687060852,False,True,False
A1-Headwater,Basin-A,2022-06-02 16:00:00,2022-06-02 19:00:00,4,4.091987987254585,True,False,False
A2-Upper,Basin-A,2022-06-02 16:00:00,2022-06-02 20:00:00,5,16.00236304792242,True,False,False
A3-Middle,Basin-A,2022-06-02 21:00:00,2022-06-02 22:00:00,2,8.100675364722509,True,False,False
A4-Lower,Basin-A,2022-06-02 22:00:00,2022-06-03 00:00:00,3,1.5635241462657228,True,False,False
A4-Lower,Basin-A,2022-06-03 07:00:00,2022-06-04 11:00:00,29,1.7373206176479687,True,False,False
A2-Upper,Basin-A,2022-06-03 08:00:00,2022-06-03 23:00:00,16,17.363055674459083,True,False,False
A1-Headwater,Basin-A,2022-06-03 08:00:00,2022-06-03 16:00:00,9,4.687602003243713,True,False,False
A3-Middle,Basin-A,2022-06-03 08:00:00,2022-06-04 08:00:00,25,8.807328602312989,True,False,False
A4-Lower,Basin-A,2022-06-04 15:00:00,2022-06-04 15:00:00,1,1.5607336834140655,True,False,False
B3-Middle,Basin-B,2022-06-06 23:00:00,2022-06-07 02:00:00,4,5.296055929559901,False,True,False
B4-Lower,Basin-B,2022-06-06 23:00:00,2022-06-07 03:00:00,5,1.158868789370835,False,True,False
B4-Lower,Basin-B,2022-06-09 15:00:00,2022-06-09 20:00:00,6,1.6948941102332173,False,True,False
B3-Middle,Basin-B,2022-06-09 15:00:00,2022-06-09 19:00:00,5,7.204432376976538,False,True,False
B1-Headwater,Basin-B,2022-06-09 15:00:00,2022-06-09 19:00:00,5,3.5821866410948786,True,False,False
B2-Upper,Basin-B,2022-06-09 16:00:00,2022-06-09 19:00:00,4,6.515522411832239,False,True,False
A4-Lower,Basin-A,2022-06-11 12:00:00,2022-06-11 15:00:00,4,0.903336939081568,False,True,False
B4-Lower,Basin-B,2022-06-18 02:00:00,2022-06-18 06:00:00,5,1.7465942994696513,False,True,False
B3-Middle,Basin-B,2022-06-18 16:00:00,2022-06-22 08:00:00,89,13.289480143350662,True,False,True
B1-Headwater,Basin-B,2022-06-18 16:00:00,2022-06-19 20:00:00,29,4.866887217625543,True,False,False
B2-Upper,Basin-B,2022-06-18 16:00:00,2022-06-20 15:00:00,48,11.393484924419344,True,False,False
B4-Lower,Basin-B,2022-06-18 16:00:00,2022-06-18 22:00:00,7,2.2024015642017702,False,True,False
A3-Middle,Basin-A,2022-06-18 23:00:00,2022-06-19 04:00:00,6,6.120046238055449,False,True,False
A4-Lower,Basin-A,2022-06-18 23:00:00,2022-06-19 04:00:00,6,0.9665406595643197,False,True,False
A1-Headwater,Basin-A,2022-06-18 23:00:00,2022-06-19 04:00:00,6,4.099413797526508,True,False,False
A2-Upper,Basin-A,2022-06-18 23:00:00,2022-06-19 03:00:00,5,13.794827226303285,False,True,False
B4-Lower,Basin-B,2022-06-19 01:00:00,2022-06-22 17:00:00,89,3.2944236103777227,True,False,False
A1-Headwater,Basin-A,2022-06-19 07:00:00,2022-06-19 12:00:00,6,4.194427999872458,True,False,False
A4-Lower,Basin-A,2022-06-19 08:00:00,2022-06-19 12:00:00,5,1.325996372333708,False,True,False
A2-Upper,Basin-A,2022-06-19 13:00:00,2022-06-19 16:00:00,4,16.17323967804513,True,False,False
B1-Headwater,Basin-B,2022-06-20 05:00:00,2022-06-20 06:00:00,2,3.511151363619769,True,False,False
B1-Headwater,Basin-B,2022-06-20 16:00:00,2022-06-21 12:00:00,21,5.246495896457545,True,False,True
B2-Upper,Basin-B,2022-06-20 17:00:00,2022-06-21 23:00:00,31,12.448578123519697,True,False,True
A4-Lower,Basin-A,2022-06-21 16:00:00,2022-06-21 22:00:00,7,1.2612462730028482,False,True,False
A3-Middle,Basin-A,2022-06-21 16:00:00,2022-06-21 21:00:00,6,6.427789647463611,False,True,False
A1-Headwater,Basin-A,2022-06-21 17:00:00,2022-06-21 21:00:00,5,3.944058422675746,False,True,False
A2-Upper,Basin-A,2022-06-21 18:00:00,2022-06-21 21:00:00,4,14.287510552098077,False,True,False
B4-Lower,Basin-B,2022-06-22 19:00:00,2022-06-22 19:00:00,1,2.627656625777838,True,False,False
A4-Lower,Basin-A,2022-06-25 16:00:00,2022-06-25 20:00:00,5,1.1152960968037058,False,True,False
A3-Middle,Basin-A,2022-06-25 16:00:00,2022-06-25 19:00:00,4,4.966138319941613,False,True,False
A4-Lower,Basin-A,2022-06-26 23:00:00,2022-06-27 04:00:00,6,1.2370002999827028,False,True,False
A1-Headwater,Basin-A,2022-06-27 00:00:00,2022-06-27 03:00:00,4,3.648339915953363,False,True,False
A3-Middle,Basin-A,2022-06-27 00:00:00,2022-06-27 03:00:00,4,6.040898622536225,False,True,False
A4-Lower,Basin-A,2022-06-28 06:00:00,2022-06-28 11:00:00,6,1.3300008004618145,False,True,False
A1-Headwater,Basin-A,2022-06-28 07:00:00,2022-06-28 11:00:00,5,4.499149012026011,True,False,False
A3-Middle,Basin-A,2022-06-28 07:00:00,2022-06-28 12:00:00,6,8.082400320693427,True,False,False
A2-Upper,Basin-A,2022-06-28 07:00:00,2022-06-28 14:00:00,8,16.438734080117722,True,False,False
B4-Lower,Basin-B,2022-06-28 12:00:00,2022-06-28 17:00:00,6,1.7338686116153907,False,True,False
A4-Lower,Basin-A,2022-06-28 13:00:00,2022-06-28 13:00:00,1,1.5678351003359416,True,False,False
B1-Headwater,Basin-B,2022-06-28 14:00:00,2022-06-28 16:00:00,3,3.4461650506051043,False,True,False
A3-Middle,Basin-A,2022-06-28 14:00:00,2022-06-28 14:00:00,1,8.014431745170766,True,False,False
A4-Lower,Basin-A,2022-06-28 19:00:00,2022-06-28 19:00:00,1,1.544653608844076,True,False,False
B3-Middle,Basin-B,2022-06-29 12:00:00,2022-06-29 18:00:00,7,9.612328718774611,False,True,False
B4-Lower,Basin-B,2022-06-29 12:00:00,2022-06-29 18:00:00,7,2.0965828906630275,False,True,False
B1-Headwater,Basin-B,2022-06-29 13:00:00,2022-06-30 15:00:00,27,4.957433940055188,True,False,False
B2-Upper,Basin-B,2022-06-29 13:00:00,2022-06-29 17:00:00,5,8.771352499449055,False,True,False
B2-Upper,Basin-B,2022-06-29 19:00:00,2022-07-01 00:00:00,30,11.84155004885091,True,False,False
B3-Middle,Basin-B,2022-06-29 20:00:00,2022-07-01 07:00:00,36,12.433585217938568,True,False,True
B4-Lower,Basin-B,2022-06-29 20:00:00,2022-07-01 11:00:00,40,2.972717526441111,True,False,False
A4-Lower,Basin-A,2022-06-30 05:00:00,2022-06-30 08:00:00,4,1.2783455155183259,False,True,False
B4-Lower,Basin-B,2022-07-01 13:00:00,2022-07-01 14:00:00,2,2.608031590068588,True,False,False
B4-Lower,Basin-B,2022-07-01 22:00:00,2022-07-02 01:00:00,4,2.5084376234529127,False,True,False
B1-Headwater,Basin-B,2022-07-01 22:00:00,2022-07-02 01:00:00,4,3.0765035935892446,False,True,False
B3-Middle,Basin-B,2022-07-01 23:00:00,2022-07-02 01:00:00,3,9.368153225960079,False,True,False
B4-Lower,Basin-B,2022-07-02 04:00:00,2022-07-02 09:00:00,6,2.538046991412501,False,True,False
B3-Middle,Basin-B,2022-07-02 04:00:00,2022-07-03 04:00:00,25,11.910292130010642,True,False,False
B2-Upper,Basin-B,2022-07-02 04:00:00,2022-07-03 00:00:00,21,11.05283571452879,True,False,False
B1-Headwater,Basin-B,2022-07-02 04:00:00,2022-07-02 15:00:00,12,4.687442658959198,True,False,False
B4-Lower,Basin-B,2022-07-02 12:00:00,2022-07-03 11:00:00,24,2.9123894197611215,True,False,False
B4-Lower,Basin-B,2022-07-05 10:00:00,2022-07-05 13:00:00,4,2.1955185363574774,False,True,False
A4-Lower,Basin-A,2022-07-06 00:00:00,2022-07-06 08:00:00,9,1.3246175219489533,False,True,False
A2-Upper,Basin-A,2022-07-06 02:00:00,2022-07-06 06:00:00,5,15.380474445653487,False,True,False
A3-Middle,Basin-A,2022-07-06 02:00:00,2022-07-06 07:00:00,6,7.195523182805501,False,True,False
A1-Headwater,Basin-A,2022-07-06 02:00:00,2022-07-06 09:00:00,8,4.383757378468244,True,False,False
A2-Upper,Basin-A,2022-07-06 08:00:00,2022-07-06 12:00:00,5,16.371897747241164,True,False,False
B1-Headwater,Basin-B,2022-07-10 10:00:00,2022-07-10 13:00:00,4,3.1636983361612816,False,True,False
B3-Middle,Basin-B,2022-07-10 10:00:00,2022-07-10 13:00:00,4,6.760849126016753,False,True,False
B2-Upper,Basin-B,2022-07-10 10:00:00,2022-07-10 13:00:00,4,5.9550136012639845,False,True,False
B4-Lower,Basin-B,2022-07-10 10:00:00,2022-07-10 13:00:00,4,1.6036479645555552,False,True,False
A4-Lower,Basin-A,2022-07-15 13:00:00,2022-07-15 20:00:00,8,1.1164612556568205,False,True,False
A3-Middle,Basin-A,2022-07-15 16:00:00,2022-07-15 18:00:00,3,5.574804387266685,False,True,False
A4-Lower,Basin-A,2022-07-16 18:00:00,2022-07-16 21:00:00,4,1.2531957453568092,False,True,False
A4-Lower,Basin-A,2022-07-17 03:00:00,2022-07-17 11:00:00,9,1.4123518697725304,False,True,False
A1-Headwater,Basin-A,2022-07-17 07:00:00,2022-07-17 09:00:00,3,4.2522202334307355,True,False,False
A2-Upper,Basin-A,2022-07-17 07:00:00,2022-07-17 09:00:00,3,15.103173994013794,False,True,False
A3-Middle,Basin-A,2022-07-17 07:00:00,2022-07-17 10:00:00,4,7.50398618852576,False,True,False
A2-Upper,Basin-A,2022-07-17 11:00:00,2022-07-17 15:00:00,5,16.36673870788922,True,False,False
A3-Middle,Basin-A,2022-07-17 13:00:00,2022-07-17 16:00:00,4,8.163806928227093,True,False,False
A4-Lower,Basin-A,2022-07-17 15:00:00,2022-07-17 15:00:00,1,1.5358894154113851,True,False,False
B4-Lower,Basin-B,2022-07-17 16:00:00,2022-07-17 19:00:00,4,1.9159862791195577,False,True,False
A4-Lower,Basin-A,2022-07-17 19:00:00,2022-07-17 19:00:00,1,1.575899513593951,True,False,False
A3-Middle,Basin-A,2022-07-18 17:00:00,2022-07-18 21:00:00,5,6.814053039259499,False,True,False
A4-Lower,Basin-A,2022-07-18 17:00:00,2022-07-18 22:00:00,6,1.3872061178800972,False,True,False
A1-Headwater,Basin-A,2022-07-18 18:00:00,2022-07-18 21:00:00,4,4.013471853736895,True,False,False
A2-Upper,Basin-A,2022-07-18 18:00:00,2022-07-18 21:00:00,4,14.769716684345592,False,True,False
A1-Headwater,Basin-A,2022-07-19 13:00:00,2022-07-19 17:00:00,5,4.338732243888809,True,False,False
A4-Lower,Basin-A,2022-07-19 13:00:00,2022-07-19 17:00:00,5,1.5153936524502702,False,True,False
A2-Upper,Basin-A,2022-07-19 13:00:00,2022-07-19 21:00:00,9,16.46652618979981,True,False,False
A3-Middle,Basin-A,2022-07-19 13:00:00,2022-07-20 02:00:00,14,8.358581511729042,True,False,False
A4-Lower,Basin-A,2022-07-19 19:00:00,2022-07-19 22:00:00,4,1.6033311490834896,True,False,False
A4-Lower,Basin-A,2022-07-20 02:00:00,2022-07-20 03:00:00,2,1.5849842195656345,True,False,False
A4-Lower,Basin-A,2022-07-20 05:00:00,2022-07-20 14:00:00,10,1.6202547306418955,True,False,False
A3-Middle,Basin-A,2022-07-20 09:00:00,2022-07-20 09:00:00,1,8.000614049317544,True,False,False
A3-Middle,Basin-A,2022-07-20 11:00:00,2022-07-20 12:00:00,2,8.047228801426275,True,False,False
A4-Lower,Basin-A,2022-07-20 16:00:00,2022-07-20 17:00:00,2,1.6499581188158101,True,False,False
A4-Lower,Basin-A,2022-07-20 19:00:00,2022-07-20 19:00:00,1,1.5513778283692923,True,False,False
B4-Lower,Basin-B,2022-07-22 00:00:00,2022-07-22 05:00:00,6,1.6308616029436356,False,True,False
B2-Upper,Basin-B,2022-07-22 01:00:00,2022-07-22 03:00:00,3,7.28398216155876,False,True,False
B1-Headwater,Basin-B,2022-07-22 02:00:00,2022-07-22 02:00:00,1,3.513771508884077,True,False,False
B3-Middle,Basin-B,2022-07-23 10:00:00,2022-07-23 13:00:00,4,8.673965517748014,False,True,False
B4-Lower,Basin-B,2022-07-23 10:00:00,2022-07-23 13:00:00,4,2.1417382132916982,False,True,False
B1-Headwater,Basin-B,2022-07-23 10:00:00,2022-07-23 13:00:00,4,3.4875997612080916,False,True,False
B2-Upper,Basin-B,2022-07-23 10:00:00,2022-07-23 13:00:00,4,7.555824737798186,False,True,False
A4-Lower,Basin-A,2022-07-26 01:00:00,2022-07-26 04:00:00,4,0.9662783189851927,False,True,False
B4-Lower,Basin-B,2022-07-26 02:00:00,2022-07-26 06:00:00,5,1.8875041599186713,False,True,False
B1-Headwater,Basin-B,2022-07-26 02:00:00,2022-07-26 05:00:00,4,2.9851568738168086,False,True,False
B2-Upper,Basin-B,2022-07-26 03:00:00,2022-07-26 05:00:00,3,5.868736428872775,False,True,False
B3-Middle,Basin-B,2022-07-26 03:00:00,2022-07-26 05:00:00,3,7.415326030643911,False,True,False
A4-Lower,Basin-A,2022-07-26 10:00:00,2022-07-26 14:00:00,5,1.207174637478857,False,True,False
A1-Headwater,Basin-A,2022-07-26 10:00:00,2022-07-26 13:00:00,4,3.983505516563687,False,True,False
A3-Middle,Basin-A,2022-07-26 10:00:00,2022-07-26 13:00:00,4,6.406021763601968,False,True,False
A4-Lower,Basin-A,2022-07-30 02:00:00,2022-07-30 05:00:00,4,1.1028788014988518,False,True,False
B4-Lower,Basin-B,2022-07-30 05:00:00,2022-07-30 12:00:00,8,1.453500849521098,False,True,False
B3-Middle,Basin-B,2022-07-30 06:00:00,2022-07-30 12:00:00,7,8.637569169221448,False,True,False
B2-Upper,Basin-B,2022-07-30 06:00:00,2022-07-30 21:00:00,16,10.214254069508975,True,False,False
B1-Headwater,Basin-B,2022-07-30 06:00:00,2022-07-30 17:00:00,12,4.367286611389832,True,False,False
A1-Headwater,Basin-A,2022-08-02 04:00:00,2022-08-02 08:00:00,5,4.460817445149739,True,False,False
A4-Lower,Basin-A,2022-08-02 04:00:00,2022-08-02 08:00:00,5,1.3119232525946671,False,True,False
A2-Upper,Basin-A,2022-08-02 04:00:00,2022-08-02 11:00:00,8,16.467011795653335,True,False,False
A3-Middle,Basin-A,2022-08-02 04:00:00,2022-08-02 08:00:00,5,6.77391331171136,False,True,False
B4-Lower,Basin-B,2022-08-06 04:00:00,2022-08-06 07:00:00,4,1.7260510684759456,False,True,False
A4-Lower,Basin-A,2022-08-07 14:00:00,2022-08-07 17:00:00,4,0.9575559217045473,False,True,False
B4-Lower,Basin-B,2022-08-07 19:00:00,2022-08-07 23:00:00,5,1.801534340178744,False,True,False
B1-Headwater,Basin-B,2022-08-07 20:00:00,2022-08-07 22:00:00,3,2.981887259197293,False,True,False
B3-Middle,Basin-B,2022-08-07 20:00:00,2022-08-07 22:00:00,3,7.390818732212411,False,True,False
B2-Upper,Basin-B,2022-08-07 20:00:00,2022-08-07 22:00:00,3,6.425002216930639,False,True,False
A4-Lower,Basin-A,2022-08-09 21:00:00,2022-08-10 02:00:00,6,1.0867446044773705,False,True,False
A1-Headwater,Basin-A,2022-08-09 22:00:00,2022-08-10 01:00:00,4,3.4490158074389123,False,True,False
A3-Middle,Basin-A,2022-08-09 22:00:00,2022-08-10 01:00:00,4,5.161280065429029,False,True,False
B4-Lower,Basin-B,2022-08-12 16:00:00,2022-08-12 19:00:00,4,1.377363307543326,False,True,False
B2-Upper,Basin-B,2022-08-16 16:00:00,2022-08-16 20:00:00,5,6.70562830074014,False,True,False
B3-Middle,Basin-B,2022-08-16 16:00:00,2022-08-16 20:00:00,5,7.6371942320231545,False,True,False
B4-Lower,Basin-B,2022-08-16 16:00:00,2022-08-16 20:00:00,5,1.8153414021389447,False,True,False
B1-Headwater,Basin-B,2022-08-16 16:00:00,2022-08-16 19:00:00,4,3.1061213550708784,False,True,False
B4-Lower,Basin-B,2022-08-18 22:00:00,2022-08-19 01:00:00,4,1.8857549319167577,False,True,False
B4-Lower,Basin-B,2022-08-21 13:00:00,2022-08-21 17:00:00,5,1.6850954036326844,False,True,False
A4-Lower,Basin-A,2022-08-24 20:00:00,2022-08-24 23:00:00,4,0.7824940513202848,False,True,False
A3-Middle,Basin-A,2022-08-24 20:00:00,2022-08-24 22:00:00,3,3.639325649294431,False,True,False
A4-Lower,Basin-A,2022-08-26 02:00:00,2022-08-26 05:00:00,4,0.990471126611771,False,True,False
A4-Lower,Basin-A,2022-09-18 06:00:00,2022-09-18 10:00:00,5,0.7503959640863433,False,True,False
C1-Headwater,Basin-C,2022-10-11 08:00:00,2022-10-11 11:00:00,4,1.5289580936654668,False,True,False
C2-Upper,Basin-C,2022-10-11 08:00:00,2022-10-11 11:00:00,4,3.2752401578888612,False,True,False
C4-Lower,Basin-C,2022-10-11 08:00:00,2022-10-11 11:00:00,4,0.9314518471778491,False,True,False
C1-Headwater,Basin-C,2022-11-13 18:00:00,2022-11-13 23:00:00,6,2.7453666493644366,False,True,False
C2-Upper,Basin-C,2022-11-13 19:00:00,2022-11-13 22:00:00,4,4.974325672556778,False,True,False
C3-Middle,Basin-C,2022-11-13 19:00:00,2022-11-13 22:00:00,4,3.0054230167445986,False,True,False
C4-Lower,Basin-C,2022-11-13 19:00:00,2022-11-13 23:00:00,5,1.4703333955296745,False,True,False
C4-Lower,Basin-C,2022-11-20 20:00:00,2022-11-21 00:00:00,5,1.3327426430352445,False,True,False
C3-Middle,Basin-C,2022-11-20 20:00:00,2022-11-20 23:00:00,4,2.7898698441595196,False,True,False
C1-Headwater,Basin-C,2022-11-20 20:00:00,2022-11-20 23:00:00,4,2.4816327090856336,False,True,False
A3-Middle,Basin-A,2022-11-24 04:00:00,2022-11-24 08:00:00,5,3.7254792732609663,False,True,False
A4-Lower,Basin-A,2022-11-24 04:00:00,2022-11-24 08:00:00,5,0.7802202928725269,False,True,False
C2-Upper,Basin-C,2022-12-02 17:00:00,2022-12-02 20:00:00,4,4.667241380447174,False,True,False
C1-Headwater,Basin-C,2022-12-02 17:00:00,2022-12-02 21:00:00,5,2.427395654288962,False,True,False
C3-Middle,Basin-C,2022-12-02 17:00:00,2022-12-02 20:00:00,4,2.4314574113980383,False,True,False
C4-Lower,Basin-C,2022-12-02 17:00:00,2022-12-02 20:00:00,4,1.0230201429467067,False,True,False
C4-Lower,Basin-C,2022-12-03 20:00:00,2022-12-03 23:00:00,4,1.6252271066840294,False,True,False
C1-Headwater,Basin-C,2022-12-05 21:00:00,2022-12-06 00:00:00,4,2.4981173217042247,False,True,False
C4-Lower,Basin-C,2022-12-05 21:00:00,2022-12-06 00:00:00,4,1.6413385424522058,False,True,False
C3-Middle,Basin-C,2022-12-05 21:00:00,2022-12-06 00:00:00,4,3.166764004111375,False,True,False
C4-Lower,Basin-C,2022-12-06 08:00:00,2022-12-06 13:00:00,6,2.1640667246659544,False,True,False
C1-Headwater,Basin-C,2022-12-06 09:00:00,2022-12-07 07:00:00,23,3.4716349694753896,True,False,False
C2-Upper,Basin-C,2022-12-06 13:00:00,2022-12-07 14:00:00,26,6.895778025391501,True,False,False
C3-Middle,Basin-C,2022-12-06 14:00:00,2022-12-06 14:00:00,1,4.537690659516286,True,False,False
C3-Middle,Basin-C,2022-12-06 16:00:00,2022-12-07 21:00:00,30,5.062318762077772,True,False,False
C4-Lower,Basin-C,2022-12-06 19:00:00,2022-12-08 02:00:00,32,2.6555763770788614,True,False,False
C3-Middle,Basin-C,2022-12-07 23:00:00,2022-12-07 23:00:00,1,4.507594480103544,True,False,False
C4-Lower,Basin-C,2022-12-08 07:00:00,2022-12-08 07:00:00,1,2.4197942781387067,True,False,False
C4-Lower,Basin-C,2022-12-09 20:00:00,2022-12-10 02:00:00,7,2.2232445451924123,False,True,False
C1-Headwater,Basin-C,2022-12-09 21:00:00,2022-12-10 05:00:00,9,3.3997561930398357,True,False,False
C3-Middle,Basin-C,2022-12-09 21:00:00,2022-12-10 01:00:00,5,4.101786655365979,False,True,False
C2-Upper,Basin-C,2022-12-09 22:00:00,2022-12-10 09:00:00,12,6.4003145384917595,True,False,False
C3-Middle,Basin-C,2022-12-10 04:00:00,2022-12-10 09:00:00,6,4.628191791649977,True,False,False
C4-Lower,Basin-C,2022-12-10 06:00:00,2022-12-10 06:00:00,1,2.4373272110253343,True,False,False
C4-Lower,Basin-C,2022-12-10 08:00:00,2022-12-10 09:00:00,2,2.4766715989795474,True,False,False
C4-Lower,Basin-C,2022-12-10 11:00:00,2022-12-10 12:00:00,2,2.439115255648186,True,False,False
C4-Lower,Basin-C,2022-12-10 14:00:00,2022-12-10 16:00:00,3,2.4333584348571033,True,False,False
A4-Lower,Basin-A,2022-12-12 14:00:00,2022-12-12 16:00:00,3,0.7202805421690603,False,True,False
C4-Lower,Basin-C,2022-12-17 14:00:00,2022-12-17 19:00:00,6,1.857917054817395,False,True,False
C3-Middle,Basin-C,2022-12-17 15:00:00,2022-12-17 18:00:00,4,3.624031403044144,False,True,False
C2-Upper,Basin-C,2022-12-17 15:00:00,2022-12-17 17:00:00,3,4.835501368159312,False,True,False
C1-Headwater,Basin-C,2022-12-17 16:00:00,2022-12-17 18:00:00,3,3.0285338919391713,True,False,False
C2-Upper,Basin-C,2022-12-21 07:00:00,2022-12-22 00:00:00,18,6.917023049069857,True,False,False
C4-Lower,Basin-C,2022-12-21 07:00:00,2022-12-21 12:00:00,6,2.0604085293796652,False,True,False
C1-Headwater,Basin-C,2022-12-21 07:00:00,2022-12-21 18:00:00,12,3.8093895788189065,True,False,False
C3-Middle,Basin-C,2022-12-21 08:00:00,2022-12-22 03:00:00,20,4.787439762812231,True,False,False
C4-Lower,Basin-C,2022-12-21 14:00:00,2022-12-21 19:00:00,6,2.481508168035907,True,False,False
C4-Lower,Basin-C,2022-12-21 22:00:00,2022-12-22 00:00:00,3,2.4799110559379622,True,False,False
C4-Lower,Basin-C,2022-12-26 06:00:00,2022-12-26 09:00:00,4,1.629498854701625,False,True,False
C2-Upper,Basin-C,2022-12-29 00:00:00,2022-12-29 03:00:00,4,5.959110757034293,False,True,False
C3-Middle,Basin-C,2022-12-29 00:00:00,2022-12-29 03:00:00,4,3.8001726363058705,False,True,False
C1-Headwater,Basin-C,2022-12-29 00:00:00,2022-12-29 03:00:00,4,3.0095032584336545,True,False,False
C4-Lower,Basin-C,2022-12-29 00:00:00,2022-12-29 04:00:00,5,2.081755050963938,False,True,False
C4-Lower,Basin-C,2023-01-01 19:00:00,2023-01-01 22:00:00,4,1.328269605281839,False,True,False
B4-Lower,Basin-B,2023-01-14 03:00:00,2023-01-14 07:00:00,5,1.1210839395648964,False,True,False
B2-Upper,Basin-B,2023-01-14 03:00:00,2023-01-14 07:00:00,5,4.694836075434772,False,True,False
C4-Lower,Basin-C,2023-01-15 02:00:00,2023-01-15 06:00:00,5,1.5186994035471995,False,True,False
C1-Headwater,Basin-C,2023-01-15 03:00:00,2023-01-15 05:00:00,3,2.4910584991143243,False,True,False
C3-Middle,Basin-C,2023-01-15 03:00:00,2023-01-15 05:00:00,3,2.9392947814330053,False,True,False
C4-Lower,Basin-C,2023-01-16 02:00:00,2023-01-16 05:00:00,4,1.731404349211739,False,True,False
C4-Lower,Basin-C,2023-01-20 01:00:00,2023-01-20 04:00:00,4,1.5385546488953665,False,True,False
C3-Middle,Basin-C,2023-01-20 16:00:00,2023-01-20 19:00:00,4,3.9185157211588804,False,True,False
C1-Headwater,Basin-C,2023-01-20 16:00:00,2023-01-21 01:00:00,10,3.4229798951206147,True,False,False
C4-Lower,Basin-C,2023-01-20 16:00:00,2023-01-20 19:00:00,4,1.7861388153464393,False,True,False
C2-Upper,Basin-C,2023-01-20 16:00:00,2023-01-20 19:00:00,4,5.772924848140868,False,True,False
C2-Upper,Basin-C,2023-01-20 23:00:00,2023-01-21 05:00:00,7,6.473379107209725,True,False,False
C3-Middle,Basin-C,2023-01-21 00:00:00,2023-01-21 03:00:00,4,4.548426154494584,True,False,False
C3-Middle,Basin-C,2023-01-21 05:00:00,2023-01-21 05:00:00,1,4.577211523386929,True,False,False
C4-Lower,Basin-C,2023-01-21 07:00:00,2023-01-21 07:00:00,1,2.4318805022672594,True,False,False
C4-Lower,Basin-C,2023-01-21 12:00:00,2023-01-21 12:00:00,1,2.426703772777645,True,False,False
C4-Lower,Basin-C,2023-01-26 20:00:00,2023-01-27 00:00:00,5,1.3064350210302296,False,True,False
C3-Middle,Basin-C,2023-01-26 20:00:00,2023-01-27 00:00:00,5,4.043927669292713,False,True,False
C1-Headwater,Basin-C,2023-01-26 20:00:00,2023-01-27 00:00:00,5,3.204620888986597,True,False,False
C2-Upper,Basin-C,2023-01-26 20:00:00,2023-01-27 00:00:00,5,5.903685520092592,False,True,False
C4-Lower,Basin-C,2023-02-03 17:00:00,2023-02-03 21:00:00,5,2.222623116745868,False,True,False
C1-Headwater,Basin-C,2023-02-03 17:00:00,2023-02-03 20:00:00,4,3.034166046384993,True,False,False
C2-Upper,Basin-C,2023-02-03 17:00:00,2023-02-03 21:00:00,5,6.0021103373470535,True,False,False
C3-Middle,Basin-C,2023-02-03 17:00:00,2023-02-03 20:00:00,4,4.202926263318828,False,True,False
C4-Lower,Basin-C,2023-02-04 22:00:00,2023-02-05 01:00:00,4,2.140231452374916,False,True,False
C2-Upper,Basin-C,2023-02-07 02:00:00,2023-02-07 13:00:00,12,6.296036562785671,True,False,False
C4-Lower,Basin-C,2023-02-07 02:00:00,2023-02-07 07:00:00,6,2.2085864081766027,False,True,False
C1-Headwater,Basin-C,2023-02-07 03:00:00,2023-02-07 09:00:00,7,3.3033742163878324,True,False,False
C3-Middle,Basin-C,2023-02-07 03:00:00,2023-02-07 06:00:00,4,4.1546464153160745,False,True,False
C3-Middle,Basin-C,2023-02-07 09:00:00,2023-02-07 12:00:00,4,4.593340790491653,True,False,False
C4-Lower,Basin-C,2023-02-07 11:00:00,2023-02-07 13:00:00,3,2.4570769756609665,True,False,False
C4-Lower,Basin-C,2023-02-07 15:00:00,2023-02-07 15:00:00,1,2.4681636595141208,True,False,False
C4-Lower,Basin-C,2023-02-07 17:00:00,2023-02-07 17:00:00,1,2.4091831073839822,True,False,False
A4-Lower,Basin-A,2023-04-26 07:00:00,2023-04-26 10:00:00,4,0.8779174933014753,False,True,False
A4-Lower,Basin-A,2023-05-04 08:00:00,2023-05-04 14:00:00,7,1.2106982469500627,False,True,False
A2-Upper,Basin-A,2023-05-04 09:00:00,2023-05-04 13:00:00,5,15.024215550089078,False,True,False
A3-Middle,Basin-A,2023-05-04 09:00:00,2023-05-04 13:00:00,5,6.17253265734846,False,True,False
A1-Headwater,Basin-A,2023-05-04 09:00:00,2023-05-04 13:00:00,5,4.1887287502497035,True,False,False
A4-Lower,Basin-A,2023-05-06 04:00:00,2023-05-06 09:00:00,6,1.3183967537845753,False,True,False
A3-Middle,Basin-A,2023-05-06 05:00:00,2023-05-06 09:00:00,5,6.836172910670228,False,True,False
A1-Headwater,Basin-A,2023-05-06 05:00:00,2023-05-06 08:00:00,4,3.8373374915138228,False,True,False
A2-Upper,Basin-A,2023-05-06 05:00:00,2023-05-06 09:00:00,5,14.853587093329807,False,True,False
B4-Lower,Basin-B,2023-05-17 15:00:00,2023-05-17 18:00:00,4,1.2290747825405617,False,True,False
B3-Middle,Basin-B,2023-05-17 15:00:00,2023-05-17 18:00:00,4,5.700483200978944,False,True,False
B1-Headwater,Basin-B,2023-05-17 15:00:00,2023-05-17 18:00:00,4,2.864674077883347,False,True,False
B2-Upper,Basin-B,2023-05-17 15:00:00,2023-05-17 18:00:00,4,5.12282434406319,False,True,False
A4-Lower,Basin-A,2023-05-21 05:00:00,2023-05-21 09:00:00,5,0.868457358633728,False,True,False
A2-Upper,Basin-A,2023-05-21 05:00:00,2023-05-21 09:00:00,5,15.027379506283292,False,True,False
A3-Middle,Basin-A,2023-05-21 05:00:00,2023-05-21 09:00:00,5,4.72713638594889,False,True,False
A1-Headwater,Basin-A,2023-05-21 05:00:00,2023-05-21 09:00:00,5,4.088094379112922,True,False,False
A4-Lower,Basin-A,2023-05-24 22:00:00,2023-05-25 01:00:00,4,1.0192489626455123,False,True,False
A4-Lower,Basin-A,2023-05-28 02:00:00,2023-05-28 10:00:00,9,1.2446203607878683,False,True,False
A2-Upper,Basin-A,2023-05-28 04:00:00,2023-05-28 19:00:00,16,17.046426322074936,True,False,False
A3-Middle,Basin-A,2023-05-28 04:00:00,2023-05-28 10:00:00,7,7.289269495533781,False,True,False
A1-Headwater,Basin-A,2023-05-28 04:00:00,2023-05-28 14:00:00,11,4.903278080502982,True,False,False
B4-Lower,Basin-B,2023-05-28 22:00:00,2023-05-29 03:00:00,6,1.3154116477697153,False,True,False
B2-Upper,Basin-B,2023-05-28 23:00:00,2023-05-29 02:00:00,4,5.344518410765211,False,True,False
B3-Middle,Basin-B,2023-05-28 23:00:00,2023-05-29 02:00:00,4,5.763267326220693,False,True,False
B1-Headwater,Basin-B,2023-05-28 23:00:00,2023-05-29 02:00:00,4,3.0836404803960527,False,True,False
B4-Lower,Basin-B,2023-05-30 08:00:00,2023-05-30 12:00:00,5,1.8142062854303636,False,True,False
B2-Upper,Basin-B,2023-05-30 09:00:00,2023-05-30 11:00:00,3,6.402624355120115,False,True,False
B4-Lower,Basin-B,2023-05-31 16:00:00,2023-05-31 19:00:00,4,1.9767397946332932,False,True,False
A4-Lower,Basin-A,2023-06-01 17:00:00,2023-06-01 22:00:00,6,1.0242109073208243,False,True,False
A1-Headwater,Basin-A,2023-06-01 18:00:00,2023-06-01 22:00:00,5,3.653796916166267,False,True,False
A3-Middle,Basin-A,2023-06-01 18:00:00,2023-06-01 22:00:00,5,5.754964239691985,False,True,False
A2-Upper,Basin-A,2023-06-01 18:00:00,2023-06-01 21:00:00,4,12.921802622542721,False,True,False
B4-Lower,Basin-B,2023-06-03 18:00:00,2023-06-03 23:00:00,6,1.6855565535383705,False,True,False
B3-Middle,Basin-B,2023-06-03 19:00:00,2023-06-03 22:00:00,4,6.80380370555549,False,True,False
B4-Lower,Basin-B,2023-06-04 17:00:00,2023-06-04 21:00:00,5,1.9953843428686864,False,True,False
A4-Lower,Basin-A,2023-06-08 05:00:00,2023-06-08 09:00:00,5,0.9192803976850453,False,True,False
A2-Upper,Basin-A,2023-06-08 05:00:00,2023-06-08 08:00:00,4,11.520239730973238,False,True,False
A1-Headwater,Basin-A,2023-06-08 05:00:00,2023-06-08 09:00:00,5,3.679744592226739,False,True,False
A3-Middle,Basin-A,2023-06-08 05:00:00,2023-06-08 09:00:00,5,5.01881256755125,False,True,False
B4-Lower,Basin-B,2023-06-09 06:00:00,2023-06-09 08:00:00,3,1.3866862562597881,False,True,False
B4-Lower,Basin-B,2023-06-12 07:00:00,2023-06-12 10:00:00,4,1.4441726887856547,False,True,False
B4-Lower,Basin-B,2023-06-12 19:00:00,2023-06-12 22:00:00,4,1.8206990256454296,False,True,False
B4-Lower,Basin-B,2023-06-17 06:00:00,2023-06-17 09:00:00,4,1.7047922189585223,False,True,False
A4-Lower,Basin-A,2023-06-20 01:00:00,2023-06-20 05:00:00,5,0.8378342801772907,False,True,False
A4-Lower,Basin-A,2023-06-20 20:00:00,2023-06-21 01:00:00,6,1.1176083266854189,False,True,False
B4-Lower,Basin-B,2023-06-22 01:00:00,2023-06-22 04:00:00,4,1.717276073260988,False,True,False
B4-Lower,Basin-B,2023-06-23 10:00:00,2023-06-23 13:00:00,4,1.8308123935916567,False,True,False
A4-Lower,Basin-A,2023-06-26 07:00:00,2023-06-26 13:00:00,7,1.0460957710958014,False,True,False
A3-Middle,Basin-A,2023-06-26 09:00:00,2023-06-26 11:00:00,3,4.3957363136696,False,True,False
B4-Lower,Basin-B,2023-06-28 21:00:00,2023-06-29 01:00:00,5,1.5098886297940162,False,True,False
A4-Lower,Basin-A,2023-06-29 15:00:00,2023-06-29 22:00:00,8,1.3385766981293428,False,True,False
A1-Headwater,Basin-A,2023-06-29 16:00:00,2023-06-30 01:00:00,10,4.295752963818004,True,False,False
A3-Middle,Basin-A,2023-06-29 16:00:00,2023-06-29 21:00:00,6,7.056839333122202,False,True,False
A2-Upper,Basin-A,2023-06-29 16:00:00,2023-06-29 20:00:00,5,15.003613998640954,False,True,False
A2-Upper,Basin-A,2023-06-29 22:00:00,2023-06-30 05:00:00,8,16.21135507307625,True,False,False
B4-Lower,Basin-B,2023-06-30 04:00:00,2023-06-30 08:00:00,5,1.680593620871569,False,True,False
A4-Lower,Basin-A,2023-06-30 07:00:00,2023-06-30 07:00:00,1,1.527678920794278,True,False,False
A4-Lower,Basin-A,2023-06-30 10:00:00,2023-06-30 19:00:00,10,1.5612208296309034,True,False,False
A1-Headwater,Basin-A,2023-06-30 11:00:00,2023-06-30 12:00:00,2,4.062616163441455,True,False,False
A3-Middle,Basin-A,2023-06-30 15:00:00,2023-07-01 00:00:00,10,8.364802209720263,True,False,False
A2-Upper,Basin-A,2023-06-30 15:00:00,2023-06-30 18:00:00,4,16.33077624397598,True,False,False
C4-Lower,Basin-C,2023-06-30 19:00:00,2023-06-30 23:00:00,5,0.9932912844017757,False,True,False
C2-Upper,Basin-C,2023-06-30 19:00:00,2023-06-30 22:00:00,4,3.303288794088613,False,True,False
C3-Middle,Basin-C,2023-06-30 19:00:00,2023-06-30 23:00:00,5,2.456052332389008,False,True,False
A4-Lower,Basin-A,2023-06-30 22:00:00,2023-06-30 23:00:00,2,1.568644421470186,True,False,False
A4-Lower,Basin-A,2023-07-02 07:00:00,2023-07-02 12:00:00,6,1.343656423934452,False,True,False
A2-Upper,Basin-A,2023-07-02 08:00:00,2023-07-02 11:00:00,4,14.074004004742461,False,True,False
A1-Headwater,Basin-A,2023-07-02 08:00:00,2023-07-02 11:00:00,4,3.8982319368897795,False,True,False
A3-Middle,Basin-A,2023-07-02 08:00:00,2023-07-02 11:00:00,4,6.286504193075944,False,True,False
B4-Lower,Basin-B,2023-07-04 04:00:00,2023-07-04 08:00:00,5,1.3998908593343167,False,True,False
B3-Middle,Basin-B,2023-07-04 05:00:00,2023-07-04 07:00:00,3,5.90551154922129,False,True,False
A4-Lower,Basin-A,2023-07-04 14:00:00,2023-07-04 19:00:00,6,1.2176462264740497,False,True,False
A4-Lower,Basin-A,2023-07-06 06:00:00,2023-07-06 19:00:00,14,1.4435789478302108,False,True,False
A3-Middle,Basin-A,2023-07-06 07:00:00,2023-07-06 12:00:00,6,6.55665830923589,False,True,False
A1-Headwater,Basin-A,2023-07-06 08:00:00,2023-07-06 12:00:00,5,4.03924214291411,True,False,False
A1-Headwater,Basin-A,2023-07-06 15:00:00,2023-07-06 19:00:00,5,4.140455270132404,True,False,False
A2-Upper,Basin-A,2023-07-06 20:00:00,2023-07-07 00:00:00,5,16.204462846278275,True,False,False
A4-Lower,Basin-A,2023-07-07 04:00:00,2023-07-07 04:00:00,1,1.537293154241931,True,False,False
B4-Lower,Basin-B,2023-07-07 20:00:00,2023-07-08 00:00:00,5,1.5508826534942954,False,True,False
B3-Middle,Basin-B,2023-07-07 21:00:00,2023-07-07 23:00:00,3,6.428745148504096,False,True,False
B2-Upper,Basin-B,2023-07-07 21:00:00,2023-07-07 23:00:00,3,5.474497161179024,False,True,False
B3-Middle,Basin-B,2023-07-08 02:00:00,2023-07-09 04:00:00,27,11.801771659386553,True,False,False
B2-Upper,Basin-B,2023-07-08 02:00:00,2023-07-09 02:00:00,25,11.468535175434425,True,False,False
B1-Headwater,Basin-B,2023-07-08 02:00:00,2023-07-08 18:00:00,17,5.04971027799379,True,False,True
B4-Lower,Basin-B,2023-07-08 02:00:00,2023-07-08 07:00:00,6,1.9873448803344442,False,True,False
B4-Lower,Basin-B,2023-07-08 10:00:00,2023-07-08 16:00:00,7,2.7677176156984142,True,False,False
A4-Lower,Basin-A,2023-07-08 15:00:00,2023-07-08 18:00:00,4,1.320499901606777,False,True,False
B4-Lower,Basin-B,2023-07-08 18:00:00,2023-07-08 20:00:00,3,2.713595960104242,True,False,False
B4-Lower,Basin-B,2023-07-08 22:00:00,2023-07-09 00:00:00,3,2.65928866733493,True,False,False
B4-Lower,Basin-B,2023-07-09 02:00:00,2023-07-09 03:00:00,2,2.693652995784286,True,False,False
B4-Lower,Basin-B,2023-07-09 05:00:00,2023-07-09 08:00:00,4,2.6381757451873473,True,False,False
A4-Lower,Basin-A,2023-07-11 02:00:00,2023-07-11 05:00:00,4,1.0400279537532624,False,True,False
A4-Lower,Basin-A,2023-07-16 18:00:00,2023-07-16 20:00:00,3,0.8766647742157263,False,True,False
A4-Lower,Basin-A,2023-07-17 14:00:00,2023-07-17 16:00:00,3,1.0150645660419615,False,True,False
B4-Lower,Basin-B,2023-07-17 18:00:00,2023-07-17 21:00:00,4,1.6263885193370604,False,True,False
B2-Upper,Basin-B,2023-07-17 18:00:00,2023-07-17 21:00:00,4,5.78755926240846,False,True,False
A4-Lower,Basin-A,2023-07-24 20:00:00,2023-07-25 00:00:00,5,0.8832568521916355,False,True,False
A4-Lower,Basin-A,2023-07-25 16:00:00,2023-07-25 18:00:00,3,1.0909788585585203,False,True,False
A4-Lower,Basin-A,2023-07-27 08:00:00,2023-07-27 12:00:00,5,1.0922313866313489,False,True,False
A3-Middle,Basin-A,2023-07-27 09:00:00,2023-07-27 11:00:00,3,5.244751841894277,False,True,False
A1-Headwater,Basin-A,2023-07-27 09:00:00,2023-07-27 11:00:00,3,3.3208115962099187,False,True,False
A4-Lower,Basin-A,2023-07-28 16:00:00,2023-07-28 21:00:00,6,1.2044530916373295,False,True,False
A3-Middle,Basin-A,2023-07-28 17:00:00,2023-07-28 20:00:00,4,5.810544335029656,False,True,False
A2-Upper,Basin-A,2023-07-28 17:00:00,2023-07-28 20:00:00,4,13.33631704482384,False,True,False
A1-Headwater,Basin-A,2023-07-28 17:00:00,2023-07-28 20:00:00,4,3.3774401723472782,False,True,False
A4-Lower,Basin-A,2023-07-30 23:00:00,2023-07-31 04:00:00,6,1.150922598761263,False,True,False
A3-Middle,Basin-A,2023-07-30 23:00:00,2023-07-31 03:00:00,5,5.586793142562432,False,True,False
A2-Upper,Basin-A,2023-07-31 00:00:00,2023-07-31 02:00:00,3,12.076052249259751,False,True,False
A1-Headwater,Basin-A,2023-07-31 00:00:00,2023-07-31 03:00:00,4,3.6810221948094766,False,True,False
B4-Lower,Basin-B,2023-08-03 19:00:00,2023-08-03 23:00:00,5,1.3259804569376534,False,True,False
B3-Middle,Basin-B,2023-08-03 19:00:00,2023-08-03 23:00:00,5,6.643052197506968,False,True,False
B1-Headwater,Basin-B,2023-08-03 19:00:00,2023-08-03 23:00:00,5,3.5939913500805565,True,False,False
B2-Upper,Basin-B,2023-08-03 19:00:00,2023-08-03 23:00:00,5,7.080190007044603,False,True,False
A4-Lower,Basin-A,2023-08-04 01:00:00,2023-08-04 04:00:00,4,1.1173616739992513,False,True,False
A3-Middle,Basin-A,2023-08-04 01:00:00,2023-08-04 04:00:00,4,5.317869253448945,False,True,False
B4-Lower,Basin-B,2023-08-05 07:00:00,2023-08-05 09:00:00,3,2.1741671998623553,False,True,False
B1-Headwater,Basin-B,2023-08-06 13:00:00,2023-08-06 17:00:00,5,3.8963023703983883,True,False,False
B3-Middle,Basin-B,2023-08-06 13:00:00,2023-08-06 17:00:00,5,8.197220078292967,False,True,False
B2-Upper,Basin-B,2023-08-06 13:00:00,2023-08-06 18:00:00,6,9.5464625024796,True,False,False
B4-Lower,Basin-B,2023-08-06 13:00:00,2023-08-06 17:00:00,5,2.1018722929258424,False,True,False
A4-Lower,Basin-A,2023-08-07 17:00:00,2023-08-08 01:00:00,9,1.2414778142962306,False,True,False
A1-Headwater,Basin-A,2023-08-07 19:00:00,2023-08-08 07:00:00,13,4.970345294868112,True,False,False
A3-Middle,Basin-A,2023-08-07 19:00:00,2023-08-08 01:00:00,7,6.92022364669313,False,True,False
A2-Upper,Basin-A,2023-08-07 20:00:00,2023-08-08 12:00:00,17,17.158762296012966,True,False,False
A4-Lower,Basin-A,2023-08-08 03:00:00,2023-08-08 03:00:00,1,1.5246994745688223,True,False,False
A3-Middle,Basin-A,2023-08-08 04:00:00,2023-08-08 10:00:00,7,8.0962000624579,True,False,False
A3-Middle,Basin-A,2023-08-08 12:00:00,2023-08-08 13:00:00,2,8.08093070008041,True,False,False
B4-Lower,Basin-B,2023-08-10 15:00:00,2023-08-10 20:00:00,6,1.5734810705310818,False,True,False
B2-Upper,Basin-B,2023-08-10 15:00:00,2023-08-10 20:00:00,6,7.319569334649656,False,True,False
B3-Middle,Basin-B,2023-08-10 15:00:00,2023-08-10 20:00:00,6,6.5404768004606675,False,True,False
B1-Headwater,Basin-B,2023-08-10 16:00:00,2023-08-10 19:00:00,4,3.41485751366782,False,True,False
B4-Lower,Basin-B,2023-08-16 00:00:00,2023-08-16 03:00:00,4,1.356407926353395,False,True,False
B1-Headwater,Basin-B,2023-08-16 00:00:00,2023-08-16 03:00:00,4,2.891486174941322,False,True,False
B3-Middle,Basin-B,2023-08-16 00:00:00,2023-08-16 03:00:00,4,5.846759001794933,False,True,False
B2-Upper,Basin-B,2023-08-16 00:00:00,2023-08-16 04:00:00,5,5.471940669336908,False,True,False
A4-Lower,Basin-A,2023-08-21 15:00:00,2023-08-21 19:00:00,5,0.9922455906216028,False,True,False
A4-Lower,Basin-A,2023-08-23 18:00:00,2023-08-23 22:00:00,5,1.040873273249071,False,True,False
A2-Upper,Basin-A,2023-08-23 19:00:00,2023-08-23 21:00:00,3,11.159966673823986,False,True,False
A3-Middle,Basin-A,2023-08-23 19:00:00,2023-08-23 21:00:00,3,5.05707754394913,False,True,False
A3-Middle,Basin-A,2023-08-27 09:00:00,2023-08-28 16:00:00,32,8.859760857325075,True,False,False
A1-Headwater,Basin-A,2023-08-27 09:00:00,2023-08-28 01:00:00,17,5.456007672974682,True,False,False
A4-Lower,Basin-A,2023-08-27 09:00:00,2023-08-27 16:00:00,8,1.4456030791736385,False,True,False
A2-Upper,Basin-A,2023-08-27 10:00:00,2023-08-28 08:00:00,23,18.295064792078495,True,False,False
A4-Lower,Basin-A,2023-08-27 18:00:00,2023-08-28 09:00:00,16,1.6524125977072388,True,False,False
A4-Lower,Basin-A,2023-08-28 11:00:00,2023-08-28 11:00:00,1,1.5753576150924418,True,False,False
A4-Lower,Basin-A,2023-08-28 13:00:00,2023-08-28 13:00:00,1,1.560150761531954,True,False,False
A4-Lower,Basin-A,2023-08-28 15:00:00,2023-08-28 18:00:00,4,1.602739091272196,True,False,False
A4-Lower,Basin-A,2023-08-28 22:00:00,2023-08-28 22:00:00,1,1.538616483744897,True,False,False
A4-Lower,Basin-A,2023-09-02 10:00:00,2023-09-02 14:00:00,5,0.8874518962018022,False,True,False
A2-Upper,Basin-A,2023-09-02 11:00:00,2023-09-02 13:00:00,3,11.503314704100553,False,True,False
A3-Middle,Basin-A,2023-09-02 11:00:00,2023-09-02 13:00:00,3,4.254172166893139,False,True,False
A1-Headwater,Basin-A,2023-09-02 11:00:00,2023-09-02 13:00:00,3,3.079211457945328,False,True,False
C4-Lower,Basin-C,2023-10-09 00:00:00,2023-10-09 02:00:00,3,0.9444312889863009,False,True,False
C1-Headwater,Basin-C,2023-10-09 00:00:00,2023-10-09 02:00:00,3,1.426711072731593,False,True,False
C4-Lower,Basin-C,2023-11-03 13:00:00,2023-11-03 16:00:00,4,0.9541542571079515,False,True,False
C4-Lower,Basin-C,2023-11-14 23:00:00,2023-11-15 03:00:00,5,1.616787348431525,False,True,False
C1-Headwater,Basin-C,2023-11-14 23:00:00,2023-11-15 02:00:00,4,2.6500626602074213,False,True,False
C4-Lower,Basin-C,2023-11-22 17:00:00,2023-11-22 21:00:00,5,1.1264311017454498,False,True,False
C3-Middle,Basin-C,2023-11-22 18:00:00,2023-11-22 21:00:00,4,2.8421462531738158,False,True,False
C1-Headwater,Basin-C,2023-11-22 18:00:00,2023-11-22 21:00:00,4,2.630586069877971,False,True,False
C2-Upper,Basin-C,2023-11-22 18:00:00,2023-11-22 21:00:00,4,4.70364733369747,False,True,False
C4-Lower,Basin-C,2023-12-01 05:00:00,2023-12-01 07:00:00,3,1.2713907994026241,False,True,False
C1-Headwater,Basin-C,2023-12-01 05:00:00,2023-12-01 07:00:00,3,2.435911523177395,False,True,False
C3-Middle,Basin-C,2023-12-05 19:00:00,2023-12-05 22:00:00,4,2.6094840690887415,False,True,False
C1-Headwater,Basin-C,2023-12-05 19:00:00,2023-12-05 22:00:00,4,2.5411869194414414,False,True,False
C4-Lower,Basin-C,2023-12-05 19:00:00,2023-12-05 23:00:00,5,1.2730523339689777,False,True,False
C4-Lower,Basin-C,2023-12-11 04:00:00,2023-12-11 09:00:00,6,1.7825246028487518,False,True,False
C1-Headwater,Basin-C,2023-12-11 04:00:00,2023-12-11 08:00:00,5,2.9299012581489148,False,True,False
C2-Upper,Basin-C,2023-12-11 06:00:00,2023-12-11 08:00:00,3,5.207985508494407,False,True,False
C1-Headwater,Basin-C,2023-12-11 13:00:00,2023-12-12 12:00:00,24,3.5984766051584938,True,False,False
C2-Upper,Basin-C,2023-12-11 17:00:00,2023-12-12 19:00:00,27,7.056613749882886,True,False,False
C3-Middle,Basin-C,2023-12-11 20:00:00,2023-12-13 04:00:00,33,5.201019010374614,True,False,False
C4-Lower,Basin-C,2023-12-12 01:00:00,2023-12-13 09:00:00,33,2.749957775624154,True,False,False
C2-Upper,Basin-C,2023-12-12 21:00:00,2023-12-12 21:00:00,1,6.071232877601671,True,False,False
C4-Lower,Basin-C,2023-12-13 11:00:00,2023-12-13 11:00:00,1,2.4212024636109173,True,False,False
C4-Lower,Basin-C,2023-12-14 09:00:00,2023-12-14 12:00:00,4,2.008619055260334,False,True,False
C1-Headwater,Basin-C,2023-12-14 09:00:00,2023-12-14 12:00:00,4,2.5152526669926565,False,True,False
C4-Lower,Basin-C,2023-12-15 02:00:00,2023-12-17 03:00:00,50,2.7981591470188754,True,False,False
C1-Headwater,Basin-C,2023-12-15 02:00:00,2023-12-15 12:00:00,11,3.803620914712656,True,False,False
C2-Upper,Basin-C,2023-12-15 02:00:00,2023-12-16 12:00:00,35,7.052640294633148,True,False,False
C3-Middle,Basin-C,2023-12-15 02:00:00,2023-12-16 22:00:00,45,5.185800422412665,True,False,False
C1-Headwater,Basin-C,2023-12-15 14:00:00,2023-12-15 21:00:00,8,3.3991284101252663,True,False,False
C1-Headwater,Basin-C,2023-12-16 04:00:00,2023-12-16 04:00:00,1,3.0772059044925473,True,False,False
C2-Upper,Basin-C,2023-12-16 14:00:00,2023-12-16 14:00:00,1,6.0083953647437305,True,False,False
C4-Lower,Basin-C,2023-12-17 05:00:00,2023-12-17 06:00:00,2,2.475255056367928,True,False,False
C4-Lower,Basin-C,2023-12-25 11:00:00,2023-12-25 15:00:00,5,1.1820987707846111,False,True,False
C3-Middle,Basin-C,2023-12-25 12:00:00,2023-12-25 14:00:00,3,2.4591946939190086,False,True,False
C2-Upper,Basin-C,2023-12-25 12:00:00,2023-12-25 15:00:00,4,4.71079649751033,False,True,False
C1-Headwater,Basin-C,2023-12-26 21:00:00,2023-12-26 21:00:00,1,3.0061768996322886,True,False,False
C2-Upper,Basin-C,2023-12-26 22:00:00,2023-12-26 22:00:00,1,6.02575814765458,True,False,False
C3-Middle,Basin-C,2023-12-27 01:00:00,2023-12-27 01:00:00,1,4.517603833038988,True,False,False
C3-Middle,Basin-C,2024-01-14 08:00:00,2024-01-14 12:00:00,5,3.6283241359418255,False,True,False
C4-Lower,Basin-C,2024-01-14 08:00:00,2024-01-14 12:00:00,5,1.1835944428159735,False,True,False
C2-Upper,Basin-C,2024-01-14 08:00:00,2024-01-14 12:00:00,5,5.263951204604972,False,True,False
C1-Headwater,Basin-C,2024-01-14 08:00:00,2024-01-14 12:00:00,5,2.8293559023475123,False,True,False
C1-Headwater,Basin-C,2024-01-17 07:00:00,2024-01-17 11:00:00,5,3.2216045107537608,True,False,False
C4-Lower,Basin-C,2024-01-17 07:00:00,2024-01-17 11:00:00,5,1.8787049189590095,False,True,False
C2-Upper,Basin-C,2024-01-17 07:00:00,2024-01-17 12:00:00,6,6.078202881217943,True,False,False
C3-Middle,Basin-C,2024-01-17 07:00:00,2024-01-17 11:00:00,5,4.352812717551021,False,True,False
C4-Lower,Basin-C,2024-01-22 03:00:00,2024-01-22 10:00:00,8,2.0707043770930373,False,True,False
C1-Headwater,Basin-C,2024-01-22 04:00:00,2024-01-22 14:00:00,11,3.5614522536563658,True,False,False
C2-Upper,Basin-C,2024-01-22 04:00:00,2024-01-22 17:00:00,14,6.490465791422704,True,False,False
C3-Middle,Basin-C,2024-01-22 04:00:00,2024-01-22 09:00:00,6,4.0347525089868626,False,True,False
C3-Middle,Basin-C,2024-01-22 15:00:00,2024-01-22 15:00:00,1,4.5102073385948795,True,False,False
C2-Upper,Basin-C,2024-01-22 19:00:00,2024-01-22 19:00:00,1,6.011255784822937,True,False,False
C1-Headwater,Basin-C,2024-01-27 20:00:00,2024-01-27 23:00:00,4,2.6861403302096267,False,True,False
C3-Middle,Basin-C,2024-01-27 20:00:00,2024-01-27 23:00:00,4,3.5376633592067344,False,True,False
C4-Lower,Basin-C,2024-01-27 20:00:00,2024-01-27 23:00:00,4,1.6853840009845287,False,True,False
C2-Upper,Basin-C,2024-01-27 20:00:00,2024-01-27 23:00:00,4,5.371105761630316,False,True,False
C4-Lower,Basin-C,2024-02-05 19:00:00,2024-02-05 21:00:00,3,1.6413785577540212,False,True,False
C1-Headwater,Basin-C,2024-02-05 20:00:00,2024-02-05 21:00:00,2,3.0361882421095596,True,False,False
C1-Headwater,Basin-C,2024-02-06 00:00:00,2024-02-06 00:00:00,1,3.0505419124993565,True,False,False
C4-Lower,Basin-C,2024-02-09 20:00:00,2024-02-09 23:00:00,4,2.005385197215749,False,True,False
C2-Upper,Basin-C,2024-02-24 17:00:00,2024-02-24 19:00:00,3,4.752843877680549,False,True,False
C4-Lower,Basin-C,2024-02-24 17:00:00,2024-02-24 19:00:00,3,1.518105840992997,False,True,False
C3-Middle,Basin-C,2024-02-24 17:00:00,2024-02-24 19:00:00,3,3.3259498736655146,False,True,False
C1-Headwater,Basin-C,2024-02-24 17:00:00,2024-02-24 19:00:00,3,2.6284789898039542,False,True,False
C2-Upper,Basin-C,2024-02-26 00:00:00,2024-02-26 02:00:00,3,4.785749980009254,False,True,False
C4-Lower,Basin-C,2024-02-26 00:00:00,2024-02-26 03:00:00,4,1.7671239841179471,False,True,False
C1-Headwater,Basin-C,2024-02-26 00:00:00,2024-02-26 03:00:00,4,2.679016293648279,False,True,False
A4-Lower,Basin-A,2024-04-12 18:00:00,2024-04-12 20:00:00,3,0.772837446248616,False,True,False
B4-Lower,Basin-B,2024-04-27 21:00:00,2024-04-28 01:00:00,5,1.148207441470847,False,True,False
A4-Lower,Basin-A,2024-05-03 06:00:00,2024-05-03 09:00:00,4,0.8268171900033752,False,True,False
B2-Upper,Basin-B,2024-05-03 19:00:00,2024-05-03 23:00:00,5,4.7194895142310695,False,True,False
B4-Lower,Basin-B,2024-05-03 19:00:00,2024-05-03 23:00:00,5,1.1304390950616152,False,True,False
B1-Headwater,Basin-B,2024-05-03 20:00:00,2024-05-03 22:00:00,3,1.7125730948858648,False,True,False
B3-Middle,Basin-B,2024-05-03 20:00:00,2024-05-03 22:00:00,3,5.18332165055911,False,True,False
B2-Upper,Basin-B,2024-05-07 20:00:00,2024-05-07 23:00:00,4,6.595186474198989,False,True,False
B4-Lower,Basin-B,2024-05-07 20:00:00,2024-05-08 00:00:00,5,1.6682359648178988,False,True,False
B3-Middle,Basin-B,2024-05-07 20:00:00,2024-05-07 23:00:00,4,7.339092223632763,False,True,False
B1-Headwater,Basin-B,2024-05-07 21:00:00,2024-05-07 23:00:00,3,3.306319557332942,False,True,False
A4-Lower,Basin-A,2024-05-09 00:00:00,2024-05-09 03:00:00,4,1.0555057924038216,False,True,False
B3-Middle,Basin-B,2024-05-09 06:00:00,2024-05-09 09:00:00,4,8.075251033086122,False,True,False
B4-Lower,Basin-B,2024-05-09 06:00:00,2024-05-09 09:00:00,4,1.896264553166273,False,True,False
A3-Middle,Basin-A,2024-05-12 03:00:00,2024-05-12 05:00:00,3,5.826237090272827,False,True,False
A4-Lower,Basin-A,2024-05-12 03:00:00,2024-05-12 05:00:00,3,1.1813473736885955,False,True,False
B4-Lower,Basin-B,2024-05-12 04:00:00,2024-05-12 08:00:00,5,1.6577480602407406,False,True,False
B1-Headwater,Basin-B,2024-05-12 04:00:00,2024-05-12 07:00:00,4,2.882353757702763,False,True,False
B3-Middle,Basin-B,2024-05-12 04:00:00,2024-05-12 07:00:00,4,6.6915744657342096,False,True,False
A3-Middle,Basin-A,2024-05-12 22:00:00,2024-05-13 15:00:00,18,8.367560767879509,True,False,False
A4-Lower,Basin-A,2024-05-12 22:00:00,2024-05-13 04:00:00,7,1.3974462523244622,False,True,False
A1-Headwater,Basin-A,2024-05-12 22:00:00,2024-05-13 05:00:00,8,4.737345388204709,True,False,False
A2-Upper,Basin-A,2024-05-12 23:00:00,2024-05-13 11:00:00,13,16.990342126923817,True,False,False
A4-Lower,Basin-A,2024-05-13 06:00:00,2024-05-13 06:00:00,1,1.541356270847026,True,False,False
A4-Lower,Basin-A,2024-05-13 08:00:00,2024-05-13 11:00:00,4,1.6150134755019647,True,False,False
A4-Lower,Basin-A,2024-05-13 14:00:00,2024-05-13 16:00:00,3,1.52880958839355,True,False,False
A4-Lower,Basin-A,2024-05-13 18:00:00,2024-05-13 18:00:00,1,1.5654504248885857,True,False,False
A4-Lower,Basin-A,2024-05-13 21:00:00,2024-05-13 21:00:00,1,1.562000609279867,True,False,False
B2-Upper,Basin-B,2024-05-18 05:00:00,2024-05-18 10:00:00,6,7.243253522051619,False,True,False
B4-Lower,Basin-B,2024-05-18 05:00:00,2024-05-18 10:00:00,6,1.2121495211087592,False,True,False
B1-Headwater,Basin-B,2024-05-18 05:00:00,2024-05-18 10:00:00,6,3.5242056514640687,True,False,False
B3-Middle,Basin-B,2024-05-18 05:00:00,2024-05-18 10:00:00,6,6.718703061374147,False,True,False
B4-Lower,Basin-B,2024-05-19 05:00:00,2024-05-19 07:00:00,3,2.078303586070852,False,True,False
B2-Upper,Basin-B,2024-05-19 21:00:00,2024-05-20 00:00:00,4,7.835312437384295,False,True,False
B1-Headwater,Basin-B,2024-05-19 21:00:00,2024-05-20 00:00:00,4,3.4306688035733357,False,True,False
B4-Lower,Basin-B,2024-05-19 21:00:00,2024-05-20 01:00:00,5,2.1941709238250016,False,True,False
B4-Lower,Basin-B,2024-05-23 15:00:00,2024-05-23 20:00:00,6,1.6627574877413354,False,True,False
B1-Headwater,Basin-B,2024-05-23 17:00:00,2024-05-23 19:00:00,3,3.3106300314698487,False,True,False
B1-Headwater,Basin-B,2024-05-28 12:00:00,2024-05-28 20:00:00,9,3.6341773097136802,True,False,False
B2-Upper,Basin-B,2024-05-28 12:00:00,2024-05-28 16:00:00,5,6.793781867215111,False,True,False
B4-Lower,Basin-B,2024-05-28 12:00:00,2024-05-28 20:00:00,9,1.9925391965660453,False,True,False
B3-Middle,Basin-B,2024-05-28 12:00:00,2024-05-28 15:00:00,4,6.962864070236957,False,True,False
A4-Lower,Basin-A,2024-06-02 11:00:00,2024-06-04 09:00:00,47,1.7741784774266887,True,False,False
A2-Upper,Basin-A,2024-06-02 13:00:00,2024-06-03 19:00:00,31,19.742656221390373,True,False,True
A3-Middle,Basin-A,2024-06-02 13:00:00,2024-06-04 07:00:00,43,9.670510485726703,True,False,False
A1-Headwater,Basin-A,2024-06-02 13:00:00,2024-06-03 09:00:00,21,6.1141183581167935,True,False,True
B2-Upper,Basin-B,2024-06-02 21:00:00,2024-06-03 00:00:00,4,7.3385054304326545,False,True,False
B4-Lower,Basin-B,2024-06-02 21:00:00,2024-06-03 01:00:00,5,1.771178539572773,False,True,False
B3-Middle,Basin-B,2024-06-02 22:00:00,2024-06-03 00:00:00,3,7.681586351610668,False,True,False
A4-Lower,Basin-A,2024-06-04 11:00:00,2024-06-04 13:00:00,3,1.5450939127296155,True,False,False
A4-Lower,Basin-A,2024-06-04 17:00:00,2024-06-04 18:00:00,2,1.5443317387381335,True,False,False
B4-Lower,Basin-B,2024-06-04 20:00:00,2024-06-05 00:00:00,5,1.9041119120362078,False,True,False
A4-Lower,Basin-A,2024-06-04 21:00:00,2024-06-04 21:00:00,1,1.5247370721659526,True,False,False
A4-Lower,Basin-A,2024-06-06 08:00:00,2024-06-06 12:00:00,5,1.2219596638024688,False,True,False
A1-Headwater,Basin-A,2024-06-06 08:00:00,2024-06-06 12:00:00,5,3.790340041307582,False,True,False
A3-Middle,Basin-A,2024-06-06 08:00:00,2024-06-06 12:00:00,5,6.075345456566197,False,True,False
A2-Upper,Basin-A,2024-06-06 08:00:00,2024-06-06 12:00:00,5,14.887064968550684,False,True,False
A4-Lower,Basin-A,2024-06-09 10:00:00,2024-06-09 14:00:00,5,1.1203042611793161,False,True,False
A4-Lower,Basin-A,2024-06-09 16:00:00,2024-06-09 21:00:00,6,1.227395910012117,False,True,False
A3-Middle,Basin-A,2024-06-09 17:00:00,2024-06-09 21:00:00,5,6.748689783793629,False,True,False
A2-Upper,Basin-A,2024-06-09 17:00:00,2024-06-09 21:00:00,5,15.423543427654531,False,True,False
A1-Headwater,Basin-A,2024-06-09 17:00:00,2024-06-09 21:00:00,5,4.173860055525478,True,False,False
A1-Headwater,Basin-A,2024-06-09 23:00:00,2024-06-10 02:00:00,4,4.311614402540279,True,False,False
A4-Lower,Basin-A,2024-06-09 23:00:00,2024-06-10 02:00:00,4,1.4435671144060809,False,True,False
A2-Upper,Basin-A,2024-06-10 03:00:00,2024-06-10 05:00:00,3,16.39066934665806,True,False,False
A1-Headwater,Basin-A,2024-06-10 05:00:00,2024-06-10 16:00:00,12,4.515945465452107,True,False,False
A4-Lower,Basin-A,2024-06-10 06:00:00,2024-06-12 01:00:00,44,1.694156842077159,True,False,False
A2-Upper,Basin-A,2024-06-10 08:00:00,2024-06-11 00:00:00,17,17.16864015785882,True,False,False
A3-Middle,Basin-A,2024-06-10 10:00:00,2024-06-12 00:00:00,39,8.669803832459277,True,False,False
A1-Headwater,Basin-A,2024-06-11 01:00:00,2024-06-11 01:00:00,1,4.056467970476669,True,False,False
A2-Upper,Basin-A,2024-06-11 04:00:00,2024-06-11 11:00:00,8,16.39920702888651,True,False,False
A2-Upper,Basin-A,2024-06-11 16:00:00,2024-06-11 16:00:00,1,16.002443603177237,True,False,False
A4-Lower,Basin-A,2024-06-12 03:00:00,2024-06-12 11:00:00,9,1.5928444961779982,True,False,False
A4-Lower,Basin-A,2024-06-12 13:00:00,2024-06-12 13:00:00,1,1.5318807305142288,True,False,False
A4-Lower,Basin-A,2024-06-13 22:00:00,2024-06-14 03:00:00,6,1.228970607831797,False,True,False
A2-Upper,Basin-A,2024-06-13 22:00:00,2024-06-14 09:00:00,12,16.81298131351927,True,False,False
A1-Headwater,Basin-A,2024-06-13 22:00:00,2024-06-14 06:00:00,9,4.8420618933005155,True,False,False
A3-Middle,Basin-A,2024-06-13 22:00:00,2024-06-14 05:00:00,8,8.134785100328424,True,False,False
A4-Lower,Basin-A,2024-06-14 05:00:00,2024-06-14 09:00:00,5,1.6236111391257213,True,False,False
A2-Upper,Basin-A,2024-06-14 11:00:00,2024-06-14 11:00:00,1,16.01395127080574,True,False,False
A4-Lower,Basin-A,2024-06-14 11:00:00,2024-06-14 11:00:00,1,1.5475914254286005,True,False,False
A4-Lower,Basin-A,2024-06-14 20:00:00,2024-06-14 21:00:00,2,1.5294479761193425,True,False,False
A3-Middle,Basin-A,2024-06-15 01:00:00,2024-06-15 08:00:00,8,8.174539796544595,True,False,False
A2-Upper,Basin-A,2024-06-15 01:00:00,2024-06-15 05:00:00,5,16.07943323852442,True,False,False
A4-Lower,Basin-A,2024-06-15 01:00:00,2024-06-15 05:00:00,5,1.487193035746583,False,True,False
A1-Headwater,Basin-A,2024-06-15 01:00:00,2024-06-15 05:00:00,5,4.074836565413867,True,False,False
A4-Lower,Basin-A,2024-06-15 07:00:00,2024-06-15 09:00:00,3,1.612967172428568,True,False,False
A4-Lower,Basin-A,2024-06-15 11:00:00,2024-06-15 15:00:00,5,1.585655991738644,True,False,False
A4-Lower,Basin-A,2024-06-15 17:00:00,2024-06-15 17:00:00,1,1.5304079913997604,True,False,False
A4-Lower,Basin-A,2024-06-15 20:00:00,2024-06-15 20:00:00,1,1.527575679812125,True,False,False
B3-Middle,Basin-B,2024-06-16 23:00:00,2024-06-17 03:00:00,5,6.717970066318723,False,True,False
B1-Headwater,Basin-B,2024-06-16 23:00:00,2024-06-17 03:00:00,5,3.5510582479701056,True,False,False
B4-Lower,Basin-B,2024-06-16 23:00:00,2024-06-17 04:00:00,6,1.5393125163964394,False,True,False
B2-Upper,Basin-B,2024-06-16 23:00:00,2024-06-17 04:00:00,6,7.75702152123128,False,True,False
A4-Lower,Basin-A,2024-06-21 23:00:00,2024-06-22 04:00:00,6,1.1524228770369027,False,True,False
A3-Middle,Basin-A,2024-06-22 00:00:00,2024-06-22 03:00:00,4,5.853209263599901,False,True,False
B4-Lower,Basin-B,2024-06-22 11:00:00,2024-06-22 17:00:00,7,2.0620350772384,False,True,False
B1-Headwater,Basin-B,2024-06-22 13:00:00,2024-06-22 17:00:00,5,3.746226978486952,True,False,False
B2-Upper,Basin-B,2024-06-22 14:00:00,2024-06-22 16:00:00,3,8.523963522255587,False,True,False
B3-Middle,Basin-B,2024-06-22 14:00:00,2024-06-22 16:00:00,3,8.843800354199274,False,True,False
A4-Lower,Basin-A,2024-06-22 16:00:00,2024-06-22 19:00:00,4,1.3312576413171318,False,True,False
A4-Lower,Basin-A,2024-06-23 11:00:00,2024-06-23 16:00:00,6,1.3729777203423967,False,True,False
A1-Headwater,Basin-A,2024-06-23 11:00:00,2024-06-23 16:00:00,6,4.319711572272183,True,False,False
A3-Middle,Basin-A,2024-06-23 11:00:00,2024-06-23 19:00:00,9,8.190763307958537,True,False,False
A2-Upper,Basin-A,2024-06-23 11:00:00,2024-06-23 21:00:00,11,16.444481826437862,True,False,False
A4-Lower,Basin-A,2024-06-23 18:00:00,2024-06-23 18:00:00,1,1.5537704481838215,True,False,False
A4-Lower,Basin-A,2024-06-23 20:00:00,2024-06-23 20:00:00,1,1.5526901994242526,True,False,False
B4-Lower,Basin-B,2024-06-23 20:00:00,2024-06-24 01:00:00,6,2.177673747987901,False,True,False
B1-Headwater,Basin-B,2024-06-23 21:00:00,2024-06-24 00:00:00,4,3.3873663151586433,False,True,False
B3-Middle,Basin-B,2024-06-23 21:00:00,2024-06-24 00:00:00,4,8.775223592208052,False,True,False
B2-Upper,Basin-B,2024-06-23 21:00:00,2024-06-24 00:00:00,4,7.241269490898008,False,True,False
A4-Lower,Basin-A,2024-06-23 22:00:00,2024-06-23 23:00:00,2,1.598854803903018,True,False,False
A4-Lower,Basin-A,2024-06-24 04:00:00,2024-06-24 04:00:00,1,1.5345167127951926,True,False,False
A4-Lower,Basin-A,2024-06-24 07:00:00,2024-06-24 07:00:00,1,1.5282771564423856,True,False,False
B4-Lower,Basin-B,2024-06-27 03:00:00,2024-06-27 05:00:00,3,1.8428329080353807,False,True,False
A4-Lower,Basin-A,2024-06-28 03:00:00,2024-06-28 10:00:00,8,1.2899600874863786,False,True,False
A3-Middle,Basin-A,2024-06-28 04:00:00,2024-06-28 09:00:00,6,6.743572467946977,False,True,False
A1-Headwater,Basin-A,2024-06-28 04:00:00,2024-06-28 13:00:00,10,4.373870202334839,True,False,False
A2-Upper,Basin-A,2024-06-28 04:00:00,2024-06-28 11:00:00,8,16.103829730636505,True,False,False
A2-Upper,Basin-A,2024-06-28 13:00:00,2024-06-28 16:00:00,4,16.09486910586102,True,False,False
A1-Headwater,Basin-A,2024-06-28 17:00:00,2024-06-28 17:00:00,1,4.001540701727144,True,False,False
A2-Upper,Basin-A,2024-06-28 21:00:00,2024-06-28 22:00:00,2,16.040405129613372,True,False,False
B2-Upper,Basin-B,2024-06-29 08:00:00,2024-06-29 13:00:00,6,7.506108616727493,False,True,False
B3-Middle,Basin-B,2024-06-29 08:00:00,2024-06-29 12:00:00,5,6.694092350990755,False,True,False
B4-Lower,Basin-B,2024-06-29 08:00:00,2024-06-29 13:00:00,6,1.7031436770801294,False,True,False
B1-Headwater,Basin-B,2024-06-29 09:00:00,2024-06-29 12:00:00,4,3.3612109561989536,False,True,False
B3-Middle,Basin-B,2024-06-30 16:00:00,2024-06-30 20:00:00,5,9.481379311188961,False,True,False
B2-Upper,Basin-B,2024-06-30 16:00:00,2024-06-30 20:00:00,5,8.62903001086445,False,True,False
B4-Lower,Basin-B,2024-06-30 16:00:00,2024-06-30 21:00:00,6,2.208905439777633,False,True,False
B1-Headwater,Basin-B,2024-06-30 16:00:00,2024-06-30 23:00:00,8,4.1619838477440645,True,False,False
B2-Upper,Basin-B,2024-06-30 22:00:00,2024-07-01 04:00:00,7,10.168147228530147,True,False,False
B3-Middle,Basin-B,2024-06-30 23:00:00,2024-07-01 01:00:00,3,10.848733745854616,True,False,False
B4-Lower,Basin-B,2024-07-07 01:00:00,2024-07-07 04:00:00,4,1.7500637107736612,False,True,False
B2-Upper,Basin-B,2024-07-07 01:00:00,2024-07-07 04:00:00,4,6.482815983973373,False,True,False
B2-Upper,Basin-B,2024-07-08 14:00:00,2024-07-08 17:00:00,4,6.50396945329988,False,True,False
B3-Middle,Basin-B,2024-07-08 14:00:00,2024-07-08 17:00:00,4,7.788382747426282,False,True,False
B4-Lower,Basin-B,2024-07-08 14:00:00,2024-07-08 18:00:00,5,1.8894517505725523,False,True,False
A2-Upper,Basin-A,2024-07-09 02:00:00,2024-07-09 05:00:00,4,11.043105529513028,False,True,False
A4-Lower,Basin-A,2024-07-09 02:00:00,2024-07-09 06:00:00,5,0.9148323721231528,False,True,False
A3-Middle,Basin-A,2024-07-09 02:00:00,2024-07-09 05:00:00,4,4.368734608937839,False,True,False
B3-Middle,Basin-B,2024-07-09 08:00:00,2024-07-09 11:00:00,4,8.812498318614715,False,True,False
B2-Upper,Basin-B,2024-07-09 08:00:00,2024-07-09 12:00:00,5,7.645191391887462,False,True,False
B1-Headwater,Basin-B,2024-07-09 08:00:00,2024-07-09 11:00:00,4,3.4645605130979704,False,True,False
B4-Lower,Basin-B,2024-07-09 08:00:00,2024-07-09 12:00:00,5,2.1296526230061454,False,True,False
A3-Middle,Basin-A,2024-07-10 19:00:00,2024-07-10 23:00:00,5,5.546805926647095,False,True,False
A4-Lower,Basin-A,2024-07-10 19:00:00,2024-07-11 00:00:00,6,1.1193443750038736,False,True,False
A2-Upper,Basin-A,2024-07-10 20:00:00,2024-07-10 23:00:00,4,13.17367123074624,False,True,False
B2-Upper,Basin-B,2024-07-12 02:00:00,2024-07-12 06:00:00,5,7.443515688476878,False,True,False
B3-Middle,Basin-B,2024-07-12 02:00:00,2024-07-12 06:00:00,5,8.067590235052291,False,True,False
B4-Lower,Basin-B,2024-07-12 02:00:00,2024-07-12 06:00:00,5,1.9195868100752167,False,True,False
B1-Headwater,Basin-B,2024-07-12 02:00:00,2024-07-12 06:00:00,5,3.82865270387323,True,False,False
A4-Lower,Basin-A,2024-07-12 20:00:00,2024-07-13 04:00:00,9,1.3509501492401363,False,True,False
A2-Upper,Basin-A,2024-07-12 21:00:00,2024-07-13 02:00:00,6,14.992705036821619,False,True,False
A1-Headwater,Basin-A,2024-07-12 21:00:00,2024-07-13 03:00:00,7,4.289615754352063,True,False,False
A3-Middle,Basin-A,2024-07-12 21:00:00,2024-07-13 03:00:00,7,7.1209099327534595,False,True,False
A2-Upper,Basin-A,2024-07-13 05:00:00,2024-07-13 06:00:00,2,16.107762810708813,True,False,False
B4-Lower,Basin-B,2024-07-14 17:00:00,2024-07-14 22:00:00,6,1.9454372216149065,False,True,False
B4-Lower,Basin-B,2024-07-15 05:00:00,2024-07-15 09:00:00,5,2.3037477743061374,False,True,False
B1-Headwater,Basin-B,2024-07-15 05:00:00,2024-07-15 10:00:00,6,4.161786972923634,True,False,False
B3-Middle,Basin-B,2024-07-15 05:00:00,2024-07-15 09:00:00,5,9.599457816973974,False,True,False
B2-Upper,Basin-B,2024-07-15 05:00:00,2024-07-15 15:00:00,11,10.061267546211678,True,False,False
B3-Middle,Basin-B,2024-07-15 11:00:00,2024-07-15 12:00:00,2,10.7471118692942,True,False,False
B1-Headwater,Basin-B,2024-07-15 16:00:00,2024-07-15 22:00:00,7,3.832737246742475,True,False,False
B4-Lower,Basin-B,2024-07-15 17:00:00,2024-07-15 21:00:00,5,2.50631820021385,False,True,False
B2-Upper,Basin-B,2024-07-15 20:00:00,2024-07-16 05:00:00,10,9.970410188298112,True,False,False
B3-Middle,Basin-B,2024-07-15 22:00:00,2024-07-16 06:00:00,9,10.983588489323568,True,False,False
A4-Lower,Basin-A,2024-07-16 00:00:00,2024-07-16 06:00:00,7,1.344001251272839,False,True,False
B4-Lower,Basin-B,2024-07-16 01:00:00,2024-07-16 09:00:00,9,2.7212220059456467,True,False,False
A3-Middle,Basin-A,2024-07-16 01:00:00,2024-07-16 05:00:00,5,6.870337998863209,False,True,False
A1-Headwater,Basin-A,2024-07-16 01:00:00,2024-07-16 04:00:00,4,3.9114386495512066,False,True,False
A2-Upper,Basin-A,2024-07-16 02:00:00,2024-07-16 04:00:00,3,14.04024130570968,False,True,False
A4-Lower,Basin-A,2024-07-17 00:00:00,2024-07-17 03:00:00,4,1.4010382615441495,False,True,False
A4-Lower,Basin-A,2024-07-20 12:00:00,2024-07-20 17:00:00,6,1.0055332977029632,False,True,False
A3-Middle,Basin-A,2024-07-20 13:00:00,2024-07-20 16:00:00,4,4.758962934298101,False,True,False
A2-Upper,Basin-A,2024-07-21 04:00:00,2024-07-21 08:00:00,5,15.049628186413408,False,True,False
A4-Lower,Basin-A,2024-07-21 04:00:00,2024-07-21 08:00:00,5,1.205786293344724,False,True,False
A3-Middle,Basin-A,2024-07-21 04:00:00,2024-07-21 08:00:00,5,6.075891746650911,False,True,False
A1-Headwater,Basin-A,2024-07-21 05:00:00,2024-07-21 07:00:00,3,3.9320139506592184,False,True,False
A4-Lower,Basin-A,2024-07-22 05:00:00,2024-07-22 09:00:00,5,1.3292734502471464,False,True,False
A4-Lower,Basin-A,2024-07-26 05:00:00,2024-07-26 08:00:00,4,0.9971442545104063,False,True,False
A3-Middle,Basin-A,2024-07-28 01:00:00,2024-07-28 04:00:00,4,5.155591317626015,False,True,False
A4-Lower,Basin-A,2024-07-28 01:00:00,2024-07-28 05:00:00,5,0.9990450535370078,False,True,False
A2-Upper,Basin-A,2024-07-28 01:00:00,2024-07-28 04:00:00,4,12.35191272179778,False,True,False
B2-Upper,Basin-B,2024-07-29 21:00:00,2024-07-30 02:00:00,6,7.035448849609263,False,True,False
B4-Lower,Basin-B,2024-07-29 21:00:00,2024-07-30 03:00:00,7,1.1494403763245566,False,True,False
B1-Headwater,Basin-B,2024-07-29 22:00:00,2024-07-30 02:00:00,5,3.6156239927939247,True,False,False
B3-Middle,Basin-B,2024-07-29 22:00:00,2024-07-30 02:00:00,5,5.845000047557688,False,True,False
A4-Lower,Basin-A,2024-08-02 13:00:00,2024-08-02 18:00:00,6,0.9575017694070771,False,True,False
A1-Headwater,Basin-A,2024-08-03 21:00:00,2024-08-04 01:00:00,5,3.977823764075467,False,True,False
A4-Lower,Basin-A,2024-08-03 21:00:00,2024-08-04 01:00:00,5,1.296815705432271,False,True,False
A2-Upper,Basin-A,2024-08-03 21:00:00,2024-08-04 00:00:00,4,13.920914005849557,False,True,False
A3-Middle,Basin-A,2024-08-03 21:00:00,2024-08-04 01:00:00,5,6.913051306827429,False,True,False
B4-Lower,Basin-B,2024-08-06 16:00:00,2024-08-07 01:00:00,10,1.729337233247183,False,True,False
B4-Lower,Basin-B,2024-08-10 06:00:00,2024-08-10 10:00:00,5,1.5669664403230037,False,True,False
B1-Headwater,Basin-B,2024-08-10 06:00:00,2024-08-10 09:00:00,4,2.7438450718148086,False,True,False
A4-Lower,Basin-A,2024-08-11 19:00:00,2024-08-11 23:00:00,5,0.7917238223256897,False,True,False
A3-Middle,Basin-A,2024-08-11 19:00:00,2024-08-11 23:00:00,5,4.1415940745563145,False,True,False
A4-Lower,Basin-A,2024-08-17 01:00:00,2024-08-17 06:00:00,6,0.886867783973135,False,True,False
A3-Middle,Basin-A,2024-08-17 02:00:00,2024-08-17 05:00:00,4,4.525116935381116,False,True,False
B4-Lower,Basin-B,2024-08-17 08:00:00,2024-08-17 12:00:00,5,1.3775913846877306,False,True,False
B4-Lower,Basin-B,2024-09-22 22:00:00,2024-09-23 00:00:00,3,1.0342072278091903,False,True,False
C4-Lower,Basin-C,2024-10-26 02:00:00,2024-10-26 05:00:00,4,1.0218148044304065,False,True,False
C1-Headwater,Basin-C,2024-10-27 16:00:00,2024-10-27 19:00:00,4,2.6746193901089286,False,True,False
C3-Middle,Basin-C,2024-10-27 16:00:00,2024-10-27 18:00:00,3,2.719305227940196,False,True,False
C2-Upper,Basin-C,2024-10-27 16:00:00,2024-10-27 19:00:00,4,5.1128811671720475,False,True,False
C4-Lower,Basin-C,2024-10-27 16:00:00,2024-10-27 19:00:00,4,1.3104460274882248,False,True,False
C4-Lower,Basin-C,2024-11-06 14:00:00,2024-11-06 16:00:00,3,1.1135374458587035,False,True,False
C1-Headwater,Basin-C,2024-11-18 03:00:00,2024-11-18 20:00:00,18,4.019153034692203,True,False,False
C4-Lower,Basin-C,2024-11-18 03:00:00,2024-11-19 21:00:00,43,2.6213064079460016,True,False,False
C2-Upper,Basin-C,2024-11-18 03:00:00,2024-11-19 04:00:00,26,7.284535489966419,True,False,False
C3-Middle,Basin-C,2024-11-18 03:00:00,2024-11-19 14:00:00,36,5.017760155378438,True,False,False
C2-Upper,Basin-C,2024-11-19 07:00:00,2024-11-19 09:00:00,3,6.159185221231961,True,False,False
C4-Lower,Basin-C,2024-12-13 10:00:00,2024-12-13 13:00:00,4,1.8694249123012763,False,True,False
C1-Headwater,Basin-C,2024-12-13 12:00:00,2024-12-13 13:00:00,2,3.0949871412692533,True,False,False
C2-Upper,Basin-C,2024-12-13 15:00:00,2024-12-13 16:00:00,2,6.051715873608199,True,False,False
C1-Headwater,Basin-C,2024-12-13 15:00:00,2024-12-13 15:00:00,1,3.0194084587487193,True,False,False
C2-Upper,Basin-C,2024-12-14 21:00:00,2024-12-15 07:00:00,11,6.3695610827885645,True,False,False
C4-Lower,Basin-C,2024-12-14 21:00:00,2024-12-15 00:00:00,4,2.2481090332934843,False,True,False
C1-Headwater,Basin-C,2024-12-14 21:00:00,2024-12-15 01:00:00,5,3.2791693576597427,True,False,False
C3-Middle,Basin-C,2024-12-14 22:00:00,2024-12-15 11:00:00,14,4.788554304953541,True,False,False
C4-Lower,Basin-C,2024-12-15 02:00:00,2024-12-15 13:00:00,12,2.538659512990577,True,False,False
C4-Lower,Basin-C,2024-12-16 04:00:00,2024-12-16 07:00:00,4,2.24588586731199,False,True,False
C3-Middle,Basin-C,2024-12-16 05:00:00,2024-12-16 07:00:00,3,3.9209677867234283,False,True,False
C3-Middle,Basin-C,2024-12-18 16:00:00,2024-12-18 21:00:00,6,4.099745930733525,False,True,False
C1-Headwater,Basin-C,2024-12-18 16:00:00,2024-12-18 20:00:00,5,3.1566493053517735,True,False,False
C4-Lower,Basin-C,2024-12-18 16:00:00,2024-12-18 21:00:00,6,1.961368567665248,False,True,False
C2-Upper,Basin-C,2024-12-18 17:00:00,2024-12-18 22:00:00,6,6.010211391103954,True,False,False
B4-Lower,Basin-B,2024-12-19 10:00:00,2024-12-19 13:00:00,4,1.1476755125060119,False,True,False
C3-Middle,Basin-C,2024-12-25 06:00:00,2024-12-25 10:00:00,5,3.8344740867962086,False,True,False
C1-Headwater,Basin-C,2024-12-25 06:00:00,2024-12-25 10:00:00,5,2.9970909028079418,False,True,False
C2-Upper,Basin-C,2024-12-25 06:00:00,2024-12-25 10:00:00,5,5.601853377902707,False,True,False
C4-Lower,Basin-C,2024-12-25 06:00:00,2024-12-25 10:00:00,5,1.4332274311048072,False,True,False
